-- phpMyAdmin SQL Dump
-- version 4.9.2
-- https://www.phpmyadmin.net/
--
-- Host: 127.0.0.1
-- Generation Time: Jun 12, 2020 at 05:53 AM
-- Server version: 10.4.11-MariaDB
-- PHP Version: 7.4.1

SET SQL_MODE = "NO_AUTO_VALUE_ON_ZERO";
SET AUTOCOMMIT = 0;
START TRANSACTION;
SET time_zone = "+00:00";


/*!40101 SET @OLD_CHARACTER_SET_CLIENT=@@CHARACTER_SET_CLIENT */;
/*!40101 SET @OLD_CHARACTER_SET_RESULTS=@@CHARACTER_SET_RESULTS */;
/*!40101 SET @OLD_COLLATION_CONNECTION=@@COLLATION_CONNECTION */;
/*!40101 SET NAMES utf8mb4 */;

--
-- Database: `feedback`
--

-- --------------------------------------------------------

--
-- Table structure for table `admin_info`
--

CREATE TABLE `admin_info` (
  `id` int(11) NOT NULL DEFAULT 0,
  `username` varchar(50) NOT NULL,
  `password` varchar(50) NOT NULL
) ENGINE=MyISAM DEFAULT CHARSET=latin1 COMMENT='Admin Information';

--
-- Dumping data for table `admin_info`
--

INSERT INTO `admin_info` (`id`, `username`, `password`) VALUES
(1, 'mitaoe', 'mit@alandi');

-- --------------------------------------------------------

--
-- Table structure for table `course`
--

CREATE TABLE `course` (
  `courseid` int(11) NOT NULL,
  `deptid` int(11) NOT NULL,
  `course_name` varchar(150) NOT NULL,
  `course_code` bigint(20) NOT NULL
) ENGINE=MyISAM DEFAULT CHARSET=latin1;

--
-- Dumping data for table `course`
--

INSERT INTO `course` (`courseid`, `deptid`, `course_name`, `course_code`) VALUES
(14, 7, 'Data and File Structures', 0),
(16, 7, 'Digital Electronics and Microprocessor', 0),
(17, 7, 'Environmental Science', 0),
(18, 7, 'System Engineering', 0),
(19, 7, 'Operating System', 0),
(13, 6, 'Web Programming', 0),
(1, 6, 'Discrete Structures and Graph Theory', 0),
(12, 6, 'Database Mangament System', 0),
(2, 6, 'Machine Learning', 0),
(3, 6, 'Engineering Informatics', 0),
(4, 6, 'Computer Security', 0),
(27, 6, 'Material Engineering', 6230),
(28, 6, 'Psychology', 6239),
(29, 6, 'Minor Project', 6236),
(30, 6, 'Applied Mathematics', 6436),
(31, 6, 'Discriptive Analytics', 6247),
(32, 6, 'Deep Learning', 6410),
(33, 6, 'Computer Oragnization and Architecture', 6306);

-- --------------------------------------------------------

--
-- Table structure for table `department`
--

CREATE TABLE `department` (
  `deptid` int(11) NOT NULL,
  `dept_name` varchar(100) NOT NULL
) ENGINE=MyISAM DEFAULT CHARSET=latin1;

--
-- Dumping data for table `department`
--

INSERT INTO `department` (`deptid`, `dept_name`) VALUES
(1, 'ME'),
(3, 'CE'),
(5, 'EE'),
(6, 'CM'),
(7, 'IT'),
(8, 'ETC'),
(11, 'CH'),
(12, 'FY');

-- --------------------------------------------------------

--
-- Table structure for table `feedback_form1`
--

CREATE TABLE `feedback_form1` (
  `id` int(11) NOT NULL,
  `que1` int(11) NOT NULL,
  `que2` int(11) NOT NULL,
  `que3` int(11) NOT NULL,
  `que4` int(11) NOT NULL,
  `que5` int(11) NOT NULL,
  `que6` int(11) NOT NULL,
  `que7` int(11) NOT NULL,
  `que8` int(11) NOT NULL,
  `que9` int(11) NOT NULL,
  `que10` int(11) NOT NULL,
  `que11` int(11) NOT NULL,
  `que12` int(11) NOT NULL,
  `que13` int(11) NOT NULL,
  `que14` int(11) NOT NULL,
  `que15` int(11) NOT NULL,
  `que16` int(11) NOT NULL,
  `que17` int(11) NOT NULL
) ENGINE=MyISAM DEFAULT CHARSET=latin1 COMMENT='feedback remarks of form1 given by students';

--
-- Dumping data for table `feedback_form1`
--

INSERT INTO `feedback_form1` (`id`, `que1`, `que2`, `que3`, `que4`, `que5`, `que6`, `que7`, `que8`, `que9`, `que10`, `que11`, `que12`, `que13`, `que14`, `que15`, `que16`, `que17`) VALUES
(64, 3, 3, 3, 3, 3, 3, 3, 3, 2, 3, 2, 2, 2, 2, 2, 2, 3),
(66, 3, 3, 3, 3, 3, 3, 3, 3, 3, 3, 3, 3, 3, 3, 3, 3, 3),
(51, 3, 3, 3, 3, 2, 3, 2, 2, 2, 2, 3, 2, 3, 2, 1, 2, 2),
(49, 3, 3, 3, 3, 2, 3, 2, 1, 2, 2, 2, 1, 2, 1, 1, 1, 1),
(59, 3, 2, 3, 2, 2, 2, 2, 2, 2, 2, 2, 3, 3, 1, 1, 2, 3),
(58, 3, 3, 3, 3, 3, 3, 2, 2, 2, 2, 2, 2, 2, 1, 1, 1, 1),
(54, 3, 3, 3, 3, 1, 3, 1, 1, 2, 2, 2, 3, 2, 1, 1, 2, 3),
(61, 3, 3, 3, 3, 2, 3, 2, 1, 3, 3, 3, 2, 2, 1, 1, 2, 2),
(35, 3, 3, 3, 3, 2, 3, 2, 2, 3, 2, 3, 2, 2, 1, 1, 2, 1),
(48, 3, 3, 3, 3, 2, 3, 2, 2, 2, 2, 2, 2, 2, 1, 1, 1, 1),
(63, 3, 3, 3, 3, 3, 3, 3, 3, 3, 3, 3, 2, 3, 2, 2, 2, 2),
(62, 3, 3, 3, 2, 2, 2, 2, 2, 2, 1, 2, 1, 2, 1, 1, 2, 2),
(69, 3, 3, 3, 3, 3, 3, 3, 3, 3, 3, 3, 3, 3, 3, 3, 3, 3),
(32, 3, 2, 3, 3, 3, 2, 1, 2, 3, 2, 2, 3, 3, 3, 3, 2, 2),
(29, 3, 2, 3, 3, 2, 2, 2, 2, 2, 2, 3, 3, 2, 3, 2, 2, 2),
(36, 3, 2, 3, 2, 2, 3, 1, 2, 3, 3, 3, 3, 2, 1, 1, 2, 2),
(34, 3, 2, 3, 3, 2, 2, 1, 2, 2, 2, 3, 1, 2, 2, 1, 2, 2),
(42, 3, 3, 3, 2, 1, 3, 1, 1, 2, 2, 3, 2, 1, 2, 1, 1, 2),
(41, 3, 2, 3, 3, 2, 2, 2, 2, 2, 2, 2, 1, 1, 1, 1, 1, 2),
(71, 3, 2, 3, 2, 3, 3, 2, 3, 3, 2, 3, 3, 3, 2, 2, 2, 2),
(46, 3, 2, 3, 2, 1, 3, 1, 1, 2, 2, 3, 1, 1, 3, 1, 2, 1),
(85, 3, 3, 3, 3, 3, 3, 2, 2, 3, 3, 3, 3, 2, 1, 1, 2, 2),
(70, 3, 3, 3, 3, 2, 3, 2, 2, 3, 2, 3, 3, 2, 2, 2, 3, 2),
(45, 3, 1, 1, 2, 1, 3, 1, 2, 2, 2, 3, 1, 1, 3, 1, 2, 1),
(79, 3, 3, 3, 3, 2, 3, 2, 3, 3, 3, 3, 3, 3, 2, 1, 3, 2),
(33, 3, 2, 3, 2, 2, 2, 1, 2, 3, 2, 3, 1, 3, 2, 2, 2, 2),
(72, 2, 2, 3, 2, 1, 2, 1, 1, 2, 2, 2, 1, 1, 1, 1, 2, 1),
(74, 3, 3, 3, 3, 3, 3, 3, 3, 2, 2, 3, 3, 2, 1, 1, 2, 2),
(75, 3, 2, 3, 2, 1, 2, 1, 2, 1, 1, 2, 2, 1, 1, 1, 1, 1),
(83, 2, 2, 1, 2, 2, 2, 1, 2, 2, 2, 2, 2, 1, 1, 1, 2, 2),
(37, 3, 3, 3, 3, 2, 3, 1, 3, 3, 3, 3, 2, 3, 2, 1, 2, 2),
(80, 3, 3, 3, 3, 2, 2, 2, 2, 3, 3, 3, 3, 3, 2, 3, 3, 2),
(38, 3, 2, 3, 2, 2, 2, 1, 2, 2, 2, 3, 3, 3, 2, 1, 2, 2),
(44, 3, 2, 3, 3, 2, 3, 2, 2, 2, 2, 3, 3, 3, 3, 1, 2, 3),
(88, 3, 3, 3, 3, 3, 2, 3, 2, 2, 3, 3, 2, 2, 1, 1, 2, 2),
(87, 2, 3, 3, 2, 2, 3, 2, 2, 2, 3, 3, 2, 2, 1, 1, 2, 1),
(50, 3, 3, 3, 2, 2, 2, 1, 1, 2, 2, 1, 1, 2, 1, 1, 1, 2),
(39, 3, 2, 3, 1, 1, 3, 2, 3, 2, 3, 2, 3, 1, 3, 2, 3, 2),
(78, 3, 3, 3, 3, 3, 3, 3, 3, 3, 3, 3, 2, 3, 2, 2, 2, 2),
(86, 3, 3, 3, 3, 2, 3, 2, 2, 3, 2, 3, 2, 2, 1, 1, 2, 3),
(76, 2, 2, 3, 2, 2, 2, 1, 2, 2, 2, 2, 2, 2, 1, 2, 2, 2),
(81, 3, 2, 3, 3, 2, 2, 1, 2, 3, 3, 3, 3, 3, 1, 1, 2, 2),
(77, 2, 2, 2, 2, 2, 2, 1, 2, 2, 2, 2, 3, 1, 2, 1, 2, 2),
(53, 2, 2, 2, 2, 2, 2, 2, 2, 2, 2, 2, 2, 2, 1, 1, 2, 2),
(47, 2, 3, 3, 3, 2, 3, 2, 2, 3, 3, 3, 3, 3, 2, 2, 2, 2),
(156, 3, 2, 3, 2, 2, 2, 1, 1, 2, 2, 3, 3, 2, 1, 1, 2, 1),
(191, 2, 2, 3, 2, 1, 2, 1, 2, 2, 1, 2, 2, 2, 1, 2, 2, 2),
(151, 3, 2, 3, 2, 2, 3, 2, 2, 2, 2, 2, 2, 3, 2, 2, 3, 2),
(173, 3, 2, 3, 2, 2, 3, 1, 3, 2, 2, 2, 2, 2, 2, 1, 1, 1),
(159, 3, 2, 3, 2, 2, 1, 2, 2, 2, 2, 3, 2, 1, 1, 1, 1, 1),
(257, 3, 2, 3, 3, 2, 3, 3, 2, 2, 2, 2, 2, 2, 1, 1, 2, 2),
(193, 2, 2, 3, 2, 2, 2, 2, 1, 1, 2, 2, 2, 1, 1, 1, 1, 1),
(220, 3, 2, 3, 2, 3, 3, 2, 3, 3, 3, 3, 2, 2, 2, 1, 2, 2),
(251, 3, 3, 3, 3, 2, 3, 3, 2, 3, 3, 3, 3, 2, 1, 1, 2, 2),
(169, 3, 2, 3, 3, 3, 3, 2, 2, 2, 3, 3, 2, 2, 1, 1, 2, 2),
(254, 3, 3, 3, 3, 2, 3, 2, 3, 3, 3, 3, 3, 3, 3, 2, 3, 3),
(224, 3, 2, 2, 2, 2, 2, 3, 3, 3, 2, 3, 3, 2, 2, 1, 2, 1),
(152, 3, 3, 3, 2, 2, 3, 1, 2, 3, 2, 3, 2, 2, 3, 1, 3, 1),
(235, 3, 2, 3, 3, 2, 3, 2, 3, 3, 2, 3, 2, 1, 1, 1, 3, 2),
(177, 3, 2, 3, 3, 2, 3, 2, 2, 2, 2, 3, 2, 2, 2, 2, 2, 2),
(185, 3, 2, 3, 2, 1, 1, 2, 2, 3, 2, 2, 1, 1, 2, 1, 2, 2),
(168, 3, 3, 3, 2, 2, 2, 1, 3, 3, 3, 3, 2, 3, 2, 2, 2, 2),
(246, 3, 3, 2, 3, 3, 3, 3, 3, 3, 2, 3, 3, 3, 1, 1, 3, 2),
(258, 2, 1, 3, 1, 2, 2, 2, 2, 2, 2, 3, 3, 2, 3, 1, 1, 2),
(234, 3, 2, 3, 3, 3, 2, 3, 2, 2, 2, 3, 3, 1, 1, 1, 2, 2),
(236, 3, 2, 3, 3, 3, 3, 3, 2, 3, 3, 3, 3, 2, 2, 2, 3, 2),
(172, 3, 3, 3, 3, 2, 3, 2, 2, 3, 2, 3, 3, 3, 2, 3, 3, 3),
(160, 2, 3, 3, 2, 3, 3, 1, 2, 3, 2, 2, 2, 2, 2, 1, 1, 2),
(155, 3, 3, 3, 2, 2, 2, 1, 2, 2, 2, 2, 2, 1, 1, 1, 2, 2),
(267, 2, 1, 3, 1, 1, 1, 3, 1, 1, 1, 2, 2, 1, 2, 1, 2, 1),
(149, 3, 3, 3, 3, 2, 3, 1, 2, 3, 2, 2, 3, 2, 1, 1, 2, 2),
(198, 3, 2, 2, 3, 1, 2, 1, 2, 2, 1, 3, 2, 2, 1, 1, 1, 1),
(247, 3, 3, 3, 2, 2, 3, 2, 3, 2, 2, 3, 2, 2, 1, 1, 2, 2),
(148, 3, 2, 3, 2, 3, 3, 2, 3, 3, 3, 3, 3, 2, 1, 1, 3, 3),
(228, 3, 2, 3, 3, 2, 3, 3, 2, 2, 2, 2, 2, 1, 1, 1, 2, 3),
(250, 3, 2, 3, 2, 3, 2, 2, 2, 2, 3, 3, 2, 3, 2, 2, 2, 2),
(248, 3, 3, 3, 3, 3, 3, 3, 3, 3, 3, 3, 3, 3, 1, 1, 2, 1),
(158, 2, 2, 3, 3, 2, 2, 1, 2, 2, 2, 2, 2, 2, 1, 1, 2, 2),
(150, 3, 2, 3, 2, 2, 2, 1, 1, 2, 2, 2, 2, 2, 2, 1, 2, 1),
(272, 3, 3, 3, 3, 2, 3, 3, 2, 2, 2, 3, 2, 1, 2, 1, 2, 2),
(268, 3, 3, 3, 3, 3, 3, 3, 2, 2, 2, 3, 2, 3, 2, 2, 2, 2),
(245, 3, 3, 3, 3, 2, 3, 3, 3, 2, 2, 3, 3, 2, 1, 1, 2, 2),
(188, 2, 2, 3, 2, 2, 3, 2, 2, 2, 2, 3, 2, 1, 1, 1, 2, 1),
(184, 2, 2, 3, 2, 2, 2, 2, 2, 2, 2, 2, 2, 3, 2, 2, 2, 2),
(183, 3, 2, 3, 2, 2, 3, 2, 2, 3, 3, 3, 2, 1, 1, 1, 1, 1),
(265, 2, 1, 3, 2, 2, 2, 3, 2, 2, 2, 2, 2, 2, 1, 1, 1, 1),
(255, 3, 3, 3, 3, 3, 3, 3, 3, 3, 1, 3, 2, 1, 1, 1, 1, 1),
(157, 3, 3, 3, 2, 2, 3, 1, 1, 2, 2, 3, 3, 1, 1, 1, 1, 1),
(269, 3, 3, 3, 3, 3, 3, 3, 3, 3, 3, 3, 3, 3, 1, 1, 1, 1),
(231, 2, 3, 3, 2, 3, 3, 3, 3, 2, 2, 3, 3, 2, 1, 1, 2, 2),
(241, 3, 2, 3, 3, 2, 2, 3, 3, 3, 2, 3, 2, 3, 1, 1, 2, 2),
(154, 3, 2, 3, 3, 2, 3, 3, 2, 3, 2, 3, 3, 3, 3, 2, 3, 2),
(165, 3, 2, 3, 3, 2, 2, 3, 2, 2, 2, 2, 3, 2, 2, 2, 2, 2),
(232, 3, 3, 3, 3, 3, 3, 3, 3, 3, 3, 3, 3, 3, 3, 3, 3, 3),
(194, 3, 3, 3, 3, 2, 3, 2, 2, 2, 2, 2, 2, 2, 1, 1, 2, 2),
(180, 3, 2, 3, 1, 2, 2, 1, 2, 3, 2, 2, 2, 1, 1, 1, 2, 2),
(229, 3, 3, 3, 3, 2, 3, 3, 3, 3, 3, 3, 3, 3, 2, 2, 3, 2),
(252, 2, 2, 2, 2, 3, 2, 2, 3, 2, 2, 3, 3, 2, 1, 1, 2, 2),
(249, 2, 2, 3, 2, 2, 2, 2, 2, 2, 2, 2, 2, 2, 3, 1, 1, 1),
(240, 3, 3, 3, 2, 2, 3, 3, 3, 3, 3, 3, 2, 3, 1, 1, 3, 3),
(186, 2, 2, 3, 2, 1, 2, 2, 2, 3, 2, 2, 1, 2, 1, 1, 1, 2),
(226, 3, 2, 2, 3, 2, 3, 3, 2, 2, 2, 3, 3, 2, 2, 1, 3, 2),
(227, 3, 2, 3, 3, 2, 3, 3, 2, 2, 2, 3, 2, 2, 1, 1, 2, 2),
(256, 3, 2, 3, 2, 1, 2, 2, 2, 2, 1, 2, 2, 3, 2, 2, 2, 2),
(243, 3, 3, 3, 2, 3, 3, 2, 3, 2, 3, 3, 2, 3, 2, 2, 2, 2),
(187, 3, 3, 3, 2, 2, 3, 2, 2, 2, 2, 3, 3, 2, 2, 1, 2, 3),
(182, 2, 2, 3, 2, 2, 2, 2, 2, 3, 2, 2, 2, 1, 1, 1, 2, 2),
(270, 3, 3, 3, 2, 3, 2, 2, 3, 3, 3, 3, 3, 3, 3, 3, 3, 3),
(223, 3, 2, 3, 3, 3, 3, 3, 2, 3, 2, 3, 3, 2, 3, 2, 3, 2),
(196, 2, 3, 3, 3, 1, 3, 1, 1, 2, 2, 2, 2, 2, 1, 1, 1, 1),
(225, 3, 3, 3, 3, 3, 3, 3, 3, 3, 3, 3, 3, 2, 2, 2, 3, 2),
(260, 2, 2, 2, 3, 2, 3, 3, 3, 2, 2, 3, 2, 3, 1, 2, 2, 2),
(271, 3, 2, 3, 2, 3, 2, 3, 2, 2, 2, 3, 2, 2, 1, 1, 2, 1),
(233, 3, 2, 3, 2, 2, 2, 3, 2, 2, 3, 2, 2, 3, 3, 3, 2, 3),
(176, 3, 2, 3, 3, 3, 3, 3, 3, 2, 3, 3, 3, 3, 3, 2, 3, 2),
(242, 3, 3, 3, 3, 3, 3, 3, 3, 3, 3, 3, 3, 3, 3, 3, 3, 3),
(239, 3, 2, 3, 3, 3, 3, 3, 3, 3, 3, 3, 3, 2, 2, 2, 2, 2),
(203, 3, 3, 3, 3, 3, 3, 3, 3, 3, 3, 3, 1, 1, 1, 1, 1, 1),
(161, 3, 3, 3, 3, 2, 2, 3, 2, 2, 2, 2, 2, 1, 1, 1, 2, 1),
(216, 1, 2, 3, 1, 2, 3, 3, 2, 3, 3, 3, 2, 3, 2, 2, 3, 3),
(174, 3, 3, 3, 2, 3, 3, 2, 2, 2, 2, 2, 2, 2, 1, 1, 2, 2),
(201, 3, 2, 1, 2, 3, 2, 1, 2, 2, 2, 2, 1, 2, 1, 2, 1, 2),
(206, 2, 3, 3, 3, 2, 3, 3, 2, 2, 2, 3, 2, 3, 1, 2, 2, 1),
(55, 3, 2, 3, 3, 1, 3, 1, 3, 3, 2, 3, 2, 2, 3, 2, 1, 2);

-- --------------------------------------------------------

--
-- Table structure for table `feedback_form2`
--

CREATE TABLE `feedback_form2` (
  `id` int(11) NOT NULL,
  `que1` int(11) NOT NULL,
  `que2` int(11) NOT NULL,
  `que3` int(11) NOT NULL,
  `que4` int(11) NOT NULL,
  `que5` int(11) NOT NULL,
  `que6` int(11) NOT NULL,
  `que7` int(11) NOT NULL,
  `que8` int(11) NOT NULL,
  `que9` int(11) NOT NULL,
  `que10` int(11) NOT NULL,
  `que11` int(11) NOT NULL,
  `que12` int(11) NOT NULL,
  `que13` int(11) NOT NULL,
  `que14` int(11) NOT NULL,
  `que15` int(11) NOT NULL,
  `que16` int(11) NOT NULL
) ENGINE=MyISAM DEFAULT CHARSET=latin1 COMMENT='feedback remarks of form2 given by students';

--
-- Dumping data for table `feedback_form2`
--

INSERT INTO `feedback_form2` (`id`, `que1`, `que2`, `que3`, `que4`, `que5`, `que6`, `que7`, `que8`, `que9`, `que10`, `que11`, `que12`, `que13`, `que14`, `que15`, `que16`) VALUES
(32, 3, 3, 2, 3, 3, 3, 2, 3, 3, 3, 3, 2, 3, 2, 0, 0),
(35, 2, 2, 2, 2, 3, 3, 3, 2, 2, 2, 3, 2, 3, 2, 0, 0),
(45, 3, 2, 1, 2, 2, 2, 2, 2, 2, 1, 1, 1, 1, 1, 0, 0),
(41, 3, 2, 3, 2, 2, 1, 2, 1, 2, 2, 2, 2, 2, 2, 0, 0),
(85, 3, 3, 3, 3, 3, 3, 3, 3, 3, 3, 3, 3, 3, 3, 0, 0),
(74, 3, 2, 3, 3, 3, 3, 3, 3, 3, 3, 3, 3, 3, 3, 0, 0),
(70, 2, 2, 2, 3, 3, 3, 3, 3, 2, 3, 3, 3, 2, 3, 0, 0),
(36, 3, 2, 2, 3, 2, 2, 3, 2, 3, 2, 2, 2, 2, 2, 0, 0),
(80, 3, 2, 3, 2, 3, 2, 3, 2, 3, 2, 3, 2, 3, 2, 0, 0),
(34, 3, 2, 3, 3, 2, 3, 2, 3, 3, 2, 3, 2, 2, 3, 0, 0),
(64, 2, 3, 2, 3, 3, 3, 2, 2, 2, 2, 2, 3, 2, 1, 0, 0),
(33, 3, 3, 3, 3, 2, 3, 2, 2, 2, 3, 3, 3, 2, 3, 0, 0),
(72, 2, 1, 1, 1, 1, 1, 1, 2, 1, 1, 2, 2, 1, 1, 0, 0),
(75, 1, 1, 1, 1, 2, 1, 1, 1, 1, 1, 1, 1, 1, 1, 0, 0),
(69, 3, 3, 3, 3, 3, 3, 3, 3, 3, 3, 2, 3, 2, 2, 0, 0),
(78, 3, 3, 3, 3, 3, 3, 3, 3, 3, 3, 3, 3, 3, 3, 0, 0),
(156, 2, 2, 2, 1, 3, 2, 3, 2, 3, 1, 2, 3, 1, 1, 0, 0),
(226, 3, 2, 3, 3, 3, 3, 3, 3, 3, 3, 3, 3, 2, 2, 0, 0),
(173, 2, 2, 2, 1, 3, 3, 3, 2, 2, 1, 1, 3, 1, 1, 0, 0),
(159, 2, 2, 2, 2, 2, 2, 2, 2, 2, 1, 1, 1, 1, 1, 0, 0),
(220, 3, 3, 3, 2, 3, 3, 3, 1, 3, 3, 3, 2, 2, 2, 0, 0),
(152, 3, 2, 2, 2, 3, 3, 3, 3, 2, 1, 3, 3, 3, 3, 0, 0),
(251, 3, 3, 3, 3, 3, 3, 3, 3, 2, 3, 3, 2, 2, 3, 0, 0),
(185, 2, 2, 2, 2, 3, 3, 2, 1, 1, 2, 2, 1, 1, 1, 0, 0),
(151, 2, 2, 3, 2, 3, 2, 2, 2, 3, 2, 2, 2, 2, 2, 0, 0),
(258, 2, 3, 2, 3, 1, 2, 3, 1, 3, 3, 2, 2, 1, 1, 0, 0),
(267, 1, 2, 2, 2, 1, 1, 1, 1, 1, 3, 2, 1, 1, 1, 0, 0),
(198, 2, 2, 2, 2, 3, 1, 2, 2, 2, 1, 2, 3, 1, 1, 0, 0),
(177, 3, 2, 2, 3, 3, 2, 2, 2, 2, 2, 3, 3, 3, 3, 0, 0),
(257, 3, 3, 3, 3, 3, 3, 3, 3, 3, 3, 3, 3, 3, 3, 0, 0),
(155, 2, 2, 2, 1, 2, 2, 2, 2, 2, 1, 1, 2, 1, 1, 0, 0),
(160, 2, 1, 2, 1, 3, 2, 3, 1, 1, 1, 2, 2, 1, 2, 0, 0),
(246, 3, 2, 3, 2, 3, 3, 2, 3, 3, 3, 3, 3, 2, 3, 0, 0),
(172, 2, 2, 3, 2, 3, 2, 3, 3, 2, 2, 2, 2, 2, 2, 0, 0),
(224, 3, 3, 2, 3, 3, 2, 2, 3, 2, 3, 2, 1, 1, 2, 0, 0),
(250, 3, 3, 2, 2, 2, 3, 3, 3, 3, 3, 3, 3, 3, 2, 0, 0),
(235, 3, 2, 2, 2, 3, 2, 2, 2, 1, 3, 2, 3, 2, 2, 0, 0),
(236, 3, 3, 3, 3, 3, 3, 3, 2, 2, 3, 2, 3, 3, 3, 0, 0),
(149, 2, 2, 2, 3, 3, 3, 2, 2, 3, 1, 2, 3, 1, 1, 0, 0),
(228, 3, 2, 2, 2, 2, 1, 1, 2, 1, 2, 2, 2, 1, 2, 0, 0),
(254, 3, 3, 2, 2, 2, 3, 3, 2, 3, 3, 2, 3, 2, 3, 0, 0),
(148, 3, 2, 2, 3, 3, 2, 3, 2, 2, 2, 2, 3, 2, 1, 0, 0),
(168, 3, 2, 2, 1, 2, 2, 3, 2, 3, 3, 3, 3, 2, 3, 0, 0),
(158, 2, 2, 2, 3, 3, 2, 2, 2, 2, 2, 2, 2, 2, 2, 0, 0),
(247, 2, 2, 2, 3, 3, 3, 3, 2, 2, 3, 2, 2, 2, 1, 0, 0),
(150, 2, 2, 2, 2, 2, 3, 2, 3, 2, 1, 3, 3, 1, 1, 0, 0),
(245, 3, 2, 2, 2, 3, 2, 2, 3, 3, 3, 3, 3, 3, 2, 0, 0),
(183, 2, 2, 2, 2, 2, 2, 2, 2, 2, 2, 2, 2, 2, 2, 0, 0),
(255, 2, 2, 1, 2, 3, 3, 2, 1, 2, 2, 3, 2, 1, 2, 0, 0),
(265, 2, 2, 2, 2, 2, 2, 1, 1, 1, 3, 2, 1, 1, 1, 0, 0),
(169, 1, 2, 1, 2, 2, 3, 3, 3, 2, 2, 3, 2, 1, 1, 0, 0),
(157, 2, 2, 2, 2, 2, 3, 3, 3, 2, 1, 2, 2, 1, 1, 0, 0),
(234, 2, 2, 2, 2, 3, 3, 2, 3, 1, 3, 3, 3, 2, 2, 0, 0),
(241, 3, 2, 2, 2, 3, 3, 3, 2, 3, 3, 3, 2, 3, 3, 0, 0),
(154, 3, 3, 3, 2, 3, 3, 3, 3, 2, 2, 3, 3, 3, 2, 0, 0),
(165, 2, 2, 3, 1, 2, 2, 3, 2, 3, 2, 3, 2, 2, 2, 0, 0),
(249, 2, 2, 2, 2, 2, 2, 2, 2, 2, 2, 2, 2, 2, 2, 0, 0),
(252, 2, 2, 2, 2, 2, 2, 1, 2, 3, 2, 2, 3, 2, 1, 0, 0),
(229, 3, 3, 3, 2, 3, 3, 3, 2, 2, 3, 3, 3, 2, 3, 0, 0),
(240, 3, 3, 3, 3, 3, 3, 3, 3, 3, 3, 3, 3, 3, 3, 0, 0),
(188, 3, 2, 2, 1, 2, 3, 2, 2, 3, 2, 2, 3, 2, 2, 0, 0),
(182, 1, 2, 2, 2, 3, 3, 2, 3, 2, 2, 3, 3, 2, 1, 0, 0),
(227, 2, 2, 3, 3, 2, 3, 2, 2, 3, 3, 3, 2, 2, 2, 0, 0),
(243, 3, 3, 3, 2, 2, 2, 3, 2, 3, 3, 2, 2, 2, 2, 0, 0),
(186, 2, 2, 2, 3, 3, 2, 2, 2, 2, 1, 2, 1, 1, 2, 0, 0),
(256, 3, 2, 2, 1, 2, 2, 2, 2, 2, 2, 3, 2, 2, 2, 0, 0),
(230, 2, 2, 2, 1, 3, 3, 2, 3, 2, 2, 3, 3, 2, 2, 0, 0),
(187, 3, 2, 2, 3, 3, 2, 3, 3, 3, 3, 2, 3, 2, 2, 0, 0),
(223, 3, 2, 2, 3, 3, 3, 2, 3, 3, 3, 3, 3, 2, 3, 0, 0),
(181, 2, 2, 3, 2, 3, 2, 2, 2, 2, 2, 3, 2, 3, 2, 0, 0),
(269, 2, 2, 3, 3, 3, 3, 2, 3, 3, 3, 2, 2, 2, 3, 0, 0),
(180, 1, 2, 2, 2, 2, 2, 3, 3, 3, 3, 3, 3, 3, 2, 0, 0),
(196, 2, 2, 2, 2, 3, 3, 2, 3, 3, 2, 2, 2, 2, 2, 0, 0),
(231, 2, 2, 2, 2, 2, 2, 2, 3, 2, 3, 2, 2, 1, 2, 0, 0),
(225, 3, 3, 3, 3, 3, 3, 3, 3, 3, 3, 3, 3, 3, 3, 0, 0),
(260, 3, 2, 3, 2, 3, 2, 3, 2, 3, 3, 2, 3, 2, 3, 0, 0),
(271, 3, 2, 3, 2, 2, 3, 3, 2, 3, 3, 2, 2, 3, 2, 0, 0),
(184, 2, 2, 2, 2, 3, 2, 2, 2, 2, 2, 2, 2, 2, 2, 0, 0),
(248, 3, 3, 3, 2, 2, 3, 2, 3, 3, 3, 3, 2, 2, 3, 0, 0),
(233, 3, 2, 3, 3, 2, 3, 2, 3, 2, 3, 3, 3, 2, 3, 0, 0),
(176, 3, 3, 2, 3, 3, 3, 3, 3, 3, 3, 3, 3, 2, 3, 0, 0),
(194, 3, 2, 3, 2, 3, 3, 2, 3, 2, 2, 2, 3, 3, 3, 0, 0),
(239, 3, 3, 3, 3, 3, 2, 3, 3, 2, 3, 3, 3, 2, 3, 0, 0),
(203, 3, 1, 1, 1, 2, 2, 2, 2, 2, 2, 3, 3, 2, 3, 0, 0),
(161, 3, 2, 2, 2, 3, 3, 2, 2, 2, 2, 2, 2, 2, 1, 0, 0),
(174, 3, 3, 3, 2, 3, 2, 3, 3, 2, 2, 3, 2, 3, 3, 0, 0);

-- --------------------------------------------------------

--
-- Table structure for table `feedback_form3`
--

CREATE TABLE `feedback_form3` (
  `id` int(11) NOT NULL,
  `que1` int(11) NOT NULL,
  `que2` int(11) NOT NULL,
  `que3` int(11) NOT NULL,
  `que4` int(11) NOT NULL,
  `que5` int(11) NOT NULL,
  `que6` int(11) NOT NULL,
  `que7` int(11) NOT NULL,
  `que8` int(11) NOT NULL,
  `que9` int(11) NOT NULL,
  `que10` int(11) NOT NULL
) ENGINE=MyISAM DEFAULT CHARSET=latin1;

--
-- Dumping data for table `feedback_form3`
--

INSERT INTO `feedback_form3` (`id`, `que1`, `que2`, `que3`, `que4`, `que5`, `que6`, `que7`, `que8`, `que9`, `que10`) VALUES
(32, 5, 4, 5, 4, 3, 5, 4, 5, 4, 5),
(66, 5, 5, 5, 5, 5, 5, 5, 5, 5, 5),
(35, 4, 4, 4, 4, 3, 4, 4, 4, 4, 4),
(85, 5, 5, 5, 5, 5, 5, 5, 5, 5, 5),
(41, 3, 4, 1, 3, 1, 4, 3, 3, 3, 3),
(45, 5, 5, 5, 5, 5, 5, 5, 5, 5, 4),
(74, 5, 5, 5, 5, 5, 5, 5, 5, 5, 5),
(70, 5, 4, 5, 4, 5, 4, 5, 4, 5, 4),
(36, 3, 3, 4, 4, 4, 3, 4, 4, 3, 3),
(42, 3, 3, 3, 4, 3, 3, 4, 4, 3, 4),
(46, 5, 5, 5, 5, 5, 5, 5, 5, 5, 5),
(80, 5, 4, 5, 4, 5, 4, 5, 4, 5, 4),
(34, 5, 4, 5, 3, 5, 4, 5, 4, 5, 3),
(72, 3, 3, 2, 3, 2, 3, 3, 3, 2, 2),
(33, 5, 4, 5, 3, 5, 4, 3, 4, 5, 4),
(69, 5, 4, 4, 4, 3, 4, 4, 5, 5, 4),
(75, 3, 3, 2, 1, 1, 3, 3, 2, 3, 2),
(156, 5, 5, 5, 5, 5, 5, 5, 5, 5, 5),
(173, 3, 4, 3, 3, 3, 4, 3, 3, 3, 2),
(257, 3, 5, 5, 4, 5, 5, 5, 4, 1, 5),
(159, 5, 5, 5, 5, 5, 4, 5, 3, 1, 2),
(224, 5, 2, 3, 4, 4, 3, 4, 5, 4, 5),
(198, 4, 4, 5, 3, 3, 4, 5, 5, 5, 5),
(151, 3, 3, 3, 3, 4, 4, 4, 4, 4, 4),
(254, 4, 5, 4, 5, 5, 4, 5, 5, 5, 5),
(220, 4, 4, 4, 5, 3, 4, 5, 4, 4, 4),
(152, 5, 4, 5, 5, 4, 5, 5, 4, 4, 5),
(267, 1, 1, 3, 2, 2, 2, 1, 2, 1, 2),
(251, 5, 5, 4, 5, 5, 4, 5, 4, 5, 5),
(247, 4, 4, 4, 5, 5, 4, 4, 4, 4, 4),
(258, 2, 3, 2, 3, 3, 4, 3, 3, 2, 3),
(172, 4, 3, 4, 4, 4, 3, 3, 3, 3, 3),
(246, 5, 5, 5, 5, 5, 4, 5, 4, 5, 5),
(235, 4, 5, 4, 5, 4, 5, 5, 5, 4, 3),
(160, 3, 3, 2, 4, 4, 4, 4, 3, 4, 4),
(158, 3, 4, 3, 4, 3, 3, 3, 2, 2, 2),
(177, 5, 4, 4, 3, 4, 4, 5, 4, 4, 3),
(149, 5, 5, 5, 5, 4, 5, 5, 5, 4, 5),
(250, 5, 5, 4, 5, 5, 5, 5, 5, 5, 5),
(228, 2, 3, 2, 4, 3, 3, 3, 3, 2, 3),
(155, 3, 3, 3, 3, 2, 2, 2, 3, 2, 3),
(150, 4, 3, 3, 4, 3, 3, 4, 4, 4, 5),
(148, 5, 4, 5, 5, 4, 4, 4, 4, 3, 4),
(168, 4, 5, 4, 5, 5, 5, 4, 5, 5, 5),
(183, 5, 5, 5, 5, 5, 5, 5, 5, 5, 5),
(245, 5, 4, 4, 4, 4, 3, 3, 4, 4, 5),
(255, 5, 5, 3, 4, 5, 5, 4, 3, 3, 4),
(265, 3, 3, 3, 3, 2, 3, 4, 4, 3, 3),
(234, 3, 5, 5, 5, 3, 4, 5, 5, 3, 5),
(157, 5, 5, 5, 5, 5, 5, 5, 5, 5, 5),
(241, 5, 4, 4, 5, 5, 5, 5, 5, 5, 5),
(154, 5, 4, 4, 5, 4, 5, 5, 4, 4, 4),
(249, 3, 3, 3, 3, 3, 3, 3, 3, 3, 3),
(165, 3, 3, 3, 3, 3, 3, 3, 3, 2, 3),
(230, 4, 4, 4, 4, 3, 4, 4, 3, 4, 4),
(243, 4, 4, 4, 5, 5, 5, 5, 5, 4, 5),
(240, 4, 4, 5, 4, 3, 3, 3, 5, 5, 5),
(229, 5, 4, 4, 5, 4, 4, 5, 4, 5, 5),
(227, 4, 4, 4, 5, 4, 3, 3, 5, 4, 4),
(256, 4, 4, 4, 5, 5, 4, 4, 3, 4, 4),
(223, 5, 5, 5, 5, 5, 5, 4, 5, 4, 4),
(269, 5, 5, 5, 5, 5, 5, 5, 3, 5, 5),
(260, 5, 4, 3, 4, 5, 4, 5, 4, 5, 5),
(196, 4, 4, 5, 5, 5, 4, 4, 4, 4, 4),
(231, 3, 4, 5, 3, 3, 3, 3, 3, 3, 4),
(248, 5, 5, 5, 5, 5, 5, 5, 5, 5, 5),
(184, 3, 3, 4, 3, 3, 4, 4, 4, 5, 4),
(233, 4, 5, 4, 3, 4, 4, 5, 5, 4, 5),
(176, 4, 4, 3, 5, 5, 5, 5, 5, 5, 5),
(242, 5, 4, 3, 4, 4, 4, 4, 4, 4, 4);

-- --------------------------------------------------------

--
-- Table structure for table `feedback_form4`
--

CREATE TABLE `feedback_form4` (
  `id` int(11) NOT NULL,
  `courseid` int(11) NOT NULL,
  `teacherid` int(11) NOT NULL,
  `que1` int(11) NOT NULL,
  `que2` int(11) NOT NULL,
  `que3` int(11) NOT NULL,
  `que4` int(11) NOT NULL,
  `que5` int(11) NOT NULL,
  `que6` int(11) NOT NULL,
  `que7` int(11) NOT NULL,
  `que8` int(11) NOT NULL,
  `que9` int(11) NOT NULL,
  `que10` int(11) NOT NULL,
  `que11` int(11) NOT NULL,
  `que12` int(11) NOT NULL,
  `que13` int(11) NOT NULL,
  `que14` int(11) NOT NULL,
  `que15` int(11) NOT NULL,
  `que16` int(11) NOT NULL,
  `que17` int(11) NOT NULL
) ENGINE=MyISAM DEFAULT CHARSET=latin1;

--
-- Dumping data for table `feedback_form4`
--

INSERT INTO `feedback_form4` (`id`, `courseid`, `teacherid`, `que1`, `que2`, `que3`, `que4`, `que5`, `que6`, `que7`, `que8`, `que9`, `que10`, `que11`, `que12`, `que13`, `que14`, `que15`, `que16`, `que17`) VALUES
(40, 1, 1, 3, 3, 3, 3, 3, 3, 3, 3, 3, 3, 3, 3, 3, 3, 3, 3, 3),
(64, 1, 1, 3, 3, 3, 3, 3, 3, 3, 3, 3, 3, 3, 3, 3, 3, 3, 3, 3),
(59, 1, 1, 3, 3, 2, 3, 3, 3, 3, 3, 3, 3, 2, 3, 3, 3, 3, 3, 3),
(32, 1, 1, 3, 3, 3, 3, 3, 3, 3, 3, 3, 2, 3, 3, 3, 3, 3, 3, 3),
(35, 1, 1, 3, 3, 3, 3, 3, 3, 3, 3, 3, 3, 3, 3, 3, 3, 3, 3, 3),
(59, 12, 2, 3, 3, 3, 3, 3, 3, 3, 3, 3, 3, 2, 3, 3, 3, 3, 3, 3),
(29, 1, 1, 2, 3, 3, 2, 2, 2, 3, 3, 3, 2, 2, 3, 3, 3, 2, 3, 3),
(49, 1, 1, 2, 2, 3, 3, 3, 2, 3, 3, 3, 3, 3, 3, 3, 3, 3, 3, 2),
(51, 1, 1, 3, 3, 2, 3, 3, 3, 3, 3, 2, 1, 3, 2, 3, 3, 3, 3, 3),
(32, 12, 2, 3, 2, 3, 3, 3, 3, 3, 3, 3, 3, 3, 3, 3, 3, 3, 3, 3),
(64, 12, 2, 3, 3, 3, 3, 3, 3, 3, 3, 3, 3, 3, 3, 3, 3, 3, 3, 3),
(42, 1, 1, 2, 3, 2, 3, 2, 2, 3, 2, 3, 2, 3, 2, 1, 2, 1, 2, 1),
(49, 13, 7, 1, 1, 1, 1, 1, 1, 1, 1, 1, 1, 1, 1, 1, 1, 1, 1, 1),
(59, 2, 3, 3, 2, 1, 1, 2, 3, 3, 2, 2, 2, 2, 2, 3, 3, 2, 2, 3),
(58, 1, 1, 3, 3, 3, 3, 3, 3, 3, 3, 3, 2, 2, 3, 3, 3, 3, 3, 3),
(35, 3, 4, 2, 2, 2, 2, 2, 2, 2, 2, 2, 2, 2, 2, 2, 2, 2, 2, 2),
(61, 1, 1, 3, 3, 2, 3, 2, 3, 3, 3, 3, 2, 3, 3, 2, 3, 3, 3, 3),
(32, 2, 3, 3, 3, 2, 3, 3, 2, 3, 3, 2, 3, 3, 3, 3, 3, 3, 3, 3),
(36, 1, 1, 3, 3, 3, 2, 2, 3, 3, 3, 3, 2, 3, 3, 3, 3, 3, 3, 3),
(34, 1, 1, 3, 2, 2, 3, 3, 3, 3, 2, 3, 2, 3, 2, 2, 3, 3, 3, 3),
(49, 3, 4, 1, 1, 1, 1, 1, 1, 1, 1, 1, 1, 1, 1, 1, 1, 1, 1, 1),
(51, 12, 2, 3, 3, 1, 3, 3, 3, 3, 3, 3, 1, 3, 3, 3, 3, 3, 3, 3),
(32, 3, 4, 3, 2, 3, 3, 3, 3, 3, 3, 3, 2, 2, 3, 3, 3, 3, 2, 2),
(59, 3, 4, 3, 3, 3, 3, 3, 3, 1, 1, 2, 1, 1, 1, 1, 1, 1, 3, 2),
(85, 1, 1, 3, 3, 3, 3, 3, 3, 3, 3, 3, 3, 3, 3, 3, 3, 3, 3, 3),
(32, 4, 5, 3, 3, 3, 3, 3, 2, 3, 3, 1, 3, 2, 3, 2, 3, 3, 3, 3),
(51, 2, 3, 3, 3, 3, 3, 3, 3, 2, 3, 1, 1, 3, 3, 3, 3, 3, 3, 3),
(49, 2, 3, 3, 3, 3, 3, 3, 3, 1, 2, 2, 1, 1, 1, 2, 2, 3, 1, 1),
(61, 13, 7, 3, 2, 1, 1, 1, 1, 1, 1, 1, 1, 1, 1, 1, 1, 1, 1, 2),
(42, 12, 2, 3, 2, 3, 1, 3, 2, 1, 3, 2, 1, 3, 1, 3, 2, 3, 2, 1),
(34, 12, 2, 3, 3, 2, 3, 3, 3, 3, 3, 2, 2, 3, 3, 2, 3, 2, 3, 2),
(85, 12, 2, 3, 3, 3, 3, 3, 3, 3, 3, 3, 3, 3, 3, 3, 3, 3, 3, 3),
(59, 4, 5, 3, 3, 3, 3, 3, 3, 3, 3, 3, 3, 3, 3, 3, 3, 3, 3, 3),
(35, 12, 2, 3, 3, 3, 3, 3, 3, 3, 3, 3, 3, 3, 3, 3, 3, 3, 3, 3),
(49, 4, 5, 3, 3, 3, 3, 3, 3, 3, 3, 3, 3, 3, 3, 3, 3, 3, 3, 3),
(32, 13, 7, 3, 3, 3, 3, 3, 2, 1, 1, 3, 3, 3, 3, 3, 3, 3, 3, 3),
(36, 12, 2, 3, 3, 2, 3, 3, 3, 2, 2, 2, 1, 3, 3, 3, 3, 2, 2, 2),
(35, 2, 3, 3, 3, 3, 3, 3, 3, 3, 3, 3, 3, 3, 3, 3, 3, 3, 3, 3),
(34, 2, 3, 3, 2, 3, 3, 2, 3, 3, 2, 2, 2, 3, 2, 3, 3, 2, 3, 3),
(85, 2, 3, 3, 3, 3, 3, 3, 3, 2, 3, 3, 3, 3, 3, 3, 3, 3, 3, 3),
(59, 13, 7, 1, 1, 1, 1, 1, 1, 1, 1, 1, 1, 1, 1, 1, 1, 1, 1, 1),
(51, 3, 4, 2, 2, 1, 2, 3, 3, 1, 2, 1, 1, 1, 2, 2, 2, 2, 2, 2),
(48, 1, 1, 2, 3, 3, 3, 3, 3, 3, 3, 3, 2, 3, 3, 3, 3, 3, 3, 3),
(85, 3, 4, 3, 3, 3, 3, 3, 3, 3, 3, 3, 3, 3, 3, 3, 3, 3, 3, 3),
(66, 1, 1, 3, 3, 3, 3, 3, 3, 3, 3, 3, 3, 3, 3, 3, 3, 3, 3, 3),
(35, 4, 5, 3, 3, 3, 3, 3, 3, 3, 3, 3, 3, 3, 3, 3, 3, 3, 3, 3),
(42, 2, 3, 2, 3, 1, 3, 2, 1, 3, 2, 1, 3, 2, 1, 3, 2, 1, 3, 2),
(85, 4, 5, 3, 3, 3, 3, 3, 3, 2, 3, 2, 3, 3, 2, 3, 3, 3, 3, 3),
(34, 3, 4, 2, 3, 3, 2, 2, 3, 2, 3, 2, 2, 3, 3, 3, 2, 3, 3, 3),
(35, 13, 7, 3, 3, 3, 3, 3, 3, 3, 3, 3, 3, 3, 3, 3, 3, 3, 3, 3),
(66, 12, 2, 3, 3, 3, 3, 3, 3, 3, 3, 3, 3, 3, 3, 3, 3, 3, 3, 3),
(61, 12, 2, 3, 3, 2, 3, 3, 3, 3, 3, 2, 1, 3, 3, 3, 3, 2, 3, 3),
(51, 4, 5, 3, 3, 3, 2, 3, 3, 3, 3, 1, 1, 3, 3, 3, 3, 3, 3, 3),
(36, 2, 3, 3, 3, 3, 3, 3, 3, 3, 3, 2, 1, 3, 3, 3, 3, 3, 3, 3),
(49, 12, 2, 2, 2, 2, 2, 3, 3, 3, 3, 3, 2, 3, 3, 3, 3, 3, 3, 3),
(85, 13, 7, 3, 3, 3, 3, 3, 3, 2, 2, 2, 2, 2, 3, 3, 3, 3, 3, 3),
(66, 2, 3, 3, 3, 3, 3, 3, 3, 3, 3, 3, 3, 3, 3, 3, 3, 3, 3, 3),
(34, 4, 5, 3, 3, 2, 3, 2, 2, 3, 2, 2, 3, 3, 3, 3, 2, 3, 3, 2),
(70, 12, 2, 3, 3, 3, 3, 2, 2, 3, 3, 2, 2, 3, 3, 3, 3, 2, 3, 3),
(51, 13, 7, 3, 3, 1, 1, 1, 1, 1, 1, 1, 1, 1, 1, 1, 1, 1, 1, 1),
(66, 4, 5, 3, 3, 3, 3, 3, 3, 3, 3, 3, 3, 3, 3, 3, 3, 3, 3, 3),
(34, 13, 7, 3, 2, 3, 2, 2, 2, 2, 3, 3, 2, 2, 3, 3, 2, 2, 2, 3),
(70, 1, 1, 3, 3, 3, 3, 3, 3, 3, 3, 3, 3, 3, 3, 3, 3, 3, 3, 3),
(48, 13, 7, 3, 3, 3, 3, 3, 3, 2, 1, 1, 1, 2, 1, 3, 3, 3, 1, 2),
(42, 3, 4, 2, 2, 3, 2, 3, 2, 2, 3, 2, 3, 2, 2, 1, 2, 2, 1, 2),
(36, 3, 4, 3, 3, 3, 3, 2, 3, 3, 3, 2, 2, 3, 3, 3, 3, 3, 3, 3),
(70, 2, 3, 3, 3, 3, 3, 3, 3, 2, 2, 2, 3, 3, 3, 3, 3, 3, 3, 3),
(61, 2, 3, 2, 2, 3, 3, 2, 2, 1, 3, 3, 1, 3, 2, 3, 2, 3, 3, 3),
(63, 1, 1, 3, 3, 3, 3, 3, 3, 3, 3, 3, 2, 3, 3, 3, 3, 3, 3, 3),
(62, 1, 1, 3, 3, 2, 2, 3, 3, 3, 3, 3, 2, 2, 3, 3, 3, 2, 2, 3),
(70, 3, 4, 3, 3, 3, 3, 3, 2, 2, 2, 2, 3, 3, 3, 3, 3, 2, 2, 2),
(36, 4, 5, 3, 3, 2, 3, 2, 3, 3, 3, 2, 2, 3, 3, 3, 3, 3, 3, 3),
(42, 4, 5, 3, 2, 3, 2, 3, 3, 3, 3, 3, 2, 2, 2, 2, 2, 3, 2, 3),
(45, 4, 5, 3, 3, 1, 3, 3, 3, 3, 3, 1, 1, 3, 3, 3, 3, 3, 3, 3),
(61, 3, 4, 3, 2, 2, 3, 2, 3, 1, 1, 1, 1, 3, 3, 2, 3, 3, 2, 3),
(70, 13, 7, 3, 3, 3, 3, 3, 3, 3, 3, 3, 3, 3, 3, 3, 3, 3, 2, 3),
(48, 12, 2, 3, 3, 3, 3, 3, 3, 3, 3, 1, 2, 3, 3, 3, 3, 3, 3, 3),
(63, 12, 2, 3, 3, 3, 2, 3, 3, 3, 3, 3, 2, 3, 3, 3, 3, 3, 3, 3),
(61, 4, 5, 3, 3, 3, 3, 3, 3, 3, 3, 1, 1, 3, 3, 3, 3, 3, 3, 3),
(70, 4, 5, 3, 3, 3, 3, 3, 3, 3, 3, 2, 3, 3, 3, 3, 3, 3, 3, 3),
(42, 13, 7, 2, 1, 2, 2, 3, 2, 2, 1, 2, 3, 3, 2, 2, 2, 3, 2, 3),
(45, 1, 1, 3, 3, 3, 3, 3, 3, 3, 3, 3, 3, 3, 3, 3, 3, 3, 3, 3),
(62, 12, 2, 3, 3, 3, 2, 3, 2, 3, 3, 3, 2, 3, 2, 3, 2, 3, 3, 3),
(84, 1, 1, 3, 3, 3, 3, 3, 3, 3, 3, 3, 3, 3, 3, 3, 3, 3, 3, 3),
(33, 1, 1, 3, 3, 3, 2, 2, 3, 3, 3, 2, 2, 3, 3, 3, 3, 3, 3, 3),
(48, 2, 3, 3, 3, 3, 3, 3, 3, 3, 3, 1, 1, 3, 3, 3, 3, 3, 3, 3),
(36, 13, 7, 3, 3, 1, 2, 1, 3, 1, 1, 1, 1, 1, 1, 1, 2, 1, 1, 1),
(84, 12, 2, 3, 3, 3, 3, 3, 3, 3, 3, 3, 3, 3, 3, 3, 3, 3, 3, 3),
(62, 2, 3, 2, 2, 2, 2, 2, 2, 1, 2, 2, 2, 2, 2, 2, 2, 2, 2, 2),
(79, 1, 1, 3, 3, 3, 3, 3, 3, 3, 3, 3, 3, 3, 3, 3, 3, 3, 3, 3),
(63, 2, 3, 3, 3, 3, 3, 3, 3, 3, 2, 3, 2, 3, 3, 3, 3, 3, 3, 3),
(33, 12, 2, 3, 2, 3, 3, 3, 3, 3, 2, 2, 2, 3, 3, 3, 3, 3, 3, 3),
(62, 3, 4, 2, 2, 1, 1, 2, 1, 1, 1, 1, 1, 1, 1, 1, 1, 1, 1, 1),
(48, 3, 4, 3, 3, 3, 3, 3, 3, 3, 2, 1, 1, 3, 2, 3, 3, 3, 3, 3),
(29, 12, 2, 3, 3, 3, 2, 2, 3, 3, 2, 3, 2, 2, 3, 3, 2, 3, 2, 3),
(79, 13, 7, 3, 3, 3, 2, 3, 2, 3, 2, 3, 3, 3, 3, 2, 3, 3, 2, 3),
(64, 13, 7, 1, 1, 1, 1, 1, 1, 1, 1, 1, 1, 1, 1, 1, 1, 1, 1, 1),
(33, 2, 3, 3, 3, 3, 2, 2, 3, 3, 3, 3, 3, 3, 2, 3, 3, 3, 3, 2),
(63, 3, 4, 3, 3, 3, 3, 3, 3, 3, 3, 2, 2, 3, 3, 3, 3, 3, 3, 3),
(74, 1, 1, 3, 3, 3, 3, 3, 3, 3, 3, 3, 3, 3, 3, 3, 3, 3, 3, 3),
(79, 12, 2, 3, 3, 3, 3, 3, 3, 3, 3, 3, 3, 3, 3, 3, 3, 3, 3, 3),
(64, 4, 5, 3, 3, 3, 3, 3, 3, 3, 3, 3, 3, 3, 3, 3, 3, 3, 3, 3),
(33, 3, 4, 3, 2, 3, 2, 2, 3, 3, 3, 3, 3, 3, 3, 3, 3, 3, 3, 3),
(48, 4, 5, 3, 3, 3, 3, 3, 3, 3, 3, 2, 1, 3, 3, 3, 3, 3, 3, 3),
(62, 4, 5, 3, 3, 3, 3, 3, 3, 3, 3, 2, 2, 3, 3, 3, 2, 3, 3, 3),
(72, 1, 1, 2, 2, 2, 2, 2, 3, 2, 2, 1, 1, 3, 1, 2, 2, 2, 2, 1),
(63, 4, 5, 3, 3, 3, 3, 3, 3, 3, 3, 2, 2, 3, 3, 3, 3, 3, 3, 3),
(64, 3, 4, 2, 2, 2, 2, 2, 3, 2, 3, 2, 3, 2, 3, 2, 3, 2, 3, 3),
(79, 4, 5, 3, 3, 3, 2, 3, 3, 3, 2, 3, 3, 3, 2, 3, 3, 3, 3, 3),
(74, 12, 2, 3, 3, 3, 3, 3, 3, 3, 3, 3, 3, 3, 3, 3, 3, 3, 3, 3),
(84, 2, 3, 3, 3, 3, 2, 2, 2, 1, 3, 2, 1, 3, 2, 1, 2, 2, 2, 2),
(62, 13, 7, 2, 1, 1, 1, 1, 1, 1, 1, 1, 1, 1, 1, 1, 1, 1, 1, 1),
(33, 4, 5, 3, 3, 3, 2, 2, 2, 3, 3, 3, 3, 3, 3, 3, 3, 3, 3, 3),
(41, 1, 1, 3, 2, 3, 3, 2, 3, 3, 3, 3, 2, 3, 3, 3, 3, 3, 2, 3),
(58, 12, 2, 3, 3, 3, 3, 3, 3, 3, 3, 1, 1, 3, 3, 3, 3, 3, 3, 3),
(72, 12, 2, 2, 3, 3, 3, 3, 3, 3, 3, 3, 3, 3, 2, 3, 2, 3, 1, 2),
(64, 2, 3, 3, 3, 3, 2, 2, 2, 2, 2, 2, 2, 2, 1, 2, 2, 2, 2, 2),
(79, 2, 3, 3, 3, 3, 1, 3, 2, 3, 2, 1, 2, 3, 2, 1, 2, 3, 3, 3),
(74, 2, 3, 3, 3, 3, 3, 3, 2, 3, 2, 3, 3, 2, 2, 2, 3, 2, 3, 3),
(63, 13, 7, 3, 3, 3, 3, 3, 3, 3, 3, 2, 2, 3, 3, 3, 3, 3, 3, 3),
(33, 13, 7, 2, 2, 2, 2, 2, 2, 3, 2, 2, 3, 3, 3, 2, 2, 2, 3, 3),
(79, 3, 4, 3, 3, 3, 3, 3, 3, 3, 3, 3, 2, 1, 2, 3, 2, 1, 2, 3),
(72, 2, 3, 2, 1, 2, 1, 2, 1, 2, 1, 1, 2, 2, 2, 2, 2, 1, 2, 2),
(58, 2, 3, 3, 3, 3, 3, 3, 3, 3, 3, 1, 2, 3, 3, 3, 3, 3, 3, 3),
(83, 1, 1, 3, 2, 2, 2, 3, 3, 3, 2, 2, 1, 1, 1, 1, 1, 1, 1, 1),
(74, 3, 4, 3, 3, 3, 3, 3, 3, 3, 3, 3, 3, 3, 3, 3, 3, 3, 3, 3),
(72, 3, 4, 3, 2, 3, 2, 1, 1, 1, 2, 1, 2, 2, 2, 1, 2, 1, 2, 1),
(74, 4, 5, 3, 3, 3, 3, 3, 3, 3, 3, 3, 3, 2, 2, 3, 3, 2, 3, 3),
(58, 3, 4, 3, 3, 3, 3, 3, 3, 2, 3, 1, 1, 3, 3, 3, 3, 3, 3, 3),
(84, 3, 4, 3, 3, 3, 3, 3, 3, 3, 3, 2, 1, 3, 3, 2, 2, 2, 2, 2),
(46, 4, 5, 3, 3, 2, 3, 3, 3, 3, 3, 2, 2, 2, 3, 3, 3, 3, 3, 3),
(72, 4, 5, 3, 3, 3, 2, 3, 3, 3, 3, 1, 1, 3, 2, 3, 2, 3, 2, 2),
(75, 1, 1, 2, 1, 2, 2, 1, 1, 1, 3, 2, 1, 2, 2, 1, 1, 2, 2, 2),
(58, 4, 5, 3, 3, 3, 3, 3, 3, 3, 3, 2, 2, 3, 3, 3, 3, 3, 3, 3),
(80, 1, 1, 3, 2, 3, 3, 3, 3, 3, 3, 3, 3, 3, 3, 3, 3, 3, 3, 3),
(83, 12, 2, 1, 1, 1, 1, 1, 1, 1, 1, 1, 1, 1, 1, 1, 1, 1, 1, 1),
(41, 12, 2, 3, 3, 1, 2, 1, 2, 3, 2, 2, 1, 2, 3, 2, 3, 2, 3, 2),
(44, 1, 1, 3, 2, 2, 3, 3, 3, 3, 3, 3, 2, 3, 3, 2, 3, 2, 3, 3),
(72, 13, 7, 1, 2, 1, 2, 1, 2, 1, 2, 1, 1, 1, 1, 1, 1, 1, 1, 1),
(74, 13, 7, 3, 3, 3, 3, 2, 2, 2, 1, 1, 1, 1, 3, 2, 1, 1, 1, 1),
(84, 4, 5, 3, 3, 3, 3, 3, 3, 3, 3, 1, 1, 2, 2, 2, 2, 2, 2, 2),
(83, 2, 3, 1, 1, 1, 1, 1, 1, 1, 1, 1, 1, 1, 1, 1, 1, 1, 1, 1),
(88, 1, 1, 3, 3, 3, 3, 3, 2, 3, 3, 3, 3, 3, 3, 2, 3, 2, 3, 3),
(80, 3, 4, 3, 3, 3, 3, 3, 3, 3, 3, 2, 3, 3, 3, 3, 3, 3, 3, 3),
(46, 1, 1, 3, 3, 3, 3, 3, 3, 3, 3, 2, 2, 3, 3, 3, 2, 3, 2, 2),
(84, 13, 7, 3, 3, 3, 3, 1, 2, 1, 1, 1, 1, 1, 1, 1, 1, 1, 1, 1),
(75, 12, 2, 2, 3, 1, 2, 3, 2, 1, 1, 2, 2, 3, 1, 1, 2, 3, 2, 1),
(83, 3, 4, 1, 1, 1, 1, 1, 1, 1, 1, 1, 1, 1, 1, 1, 1, 1, 2, 1),
(88, 12, 2, 3, 3, 3, 3, 3, 3, 3, 3, 3, 3, 3, 3, 3, 3, 3, 3, 3),
(58, 13, 7, 3, 3, 2, 2, 2, 3, 2, 2, 1, 1, 3, 3, 3, 2, 3, 2, 2),
(41, 2, 3, 3, 3, 1, 2, 1, 2, 3, 2, 2, 1, 2, 3, 2, 3, 2, 3, 2),
(80, 2, 3, 3, 3, 3, 3, 3, 2, 3, 3, 3, 3, 3, 2, 2, 3, 3, 3, 3),
(75, 2, 3, 1, 1, 1, 1, 2, 3, 2, 1, 1, 1, 2, 3, 1, 1, 2, 1, 1),
(88, 2, 3, 3, 2, 3, 2, 1, 3, 2, 3, 3, 3, 2, 3, 2, 3, 3, 3, 2),
(80, 4, 5, 3, 3, 3, 3, 3, 3, 3, 3, 3, 3, 2, 2, 3, 3, 3, 3, 2),
(88, 3, 4, 3, 2, 3, 3, 2, 2, 3, 3, 3, 2, 3, 3, 3, 2, 3, 3, 2),
(46, 2, 3, 3, 3, 2, 2, 3, 3, 2, 3, 2, 2, 3, 3, 3, 3, 2, 3, 3),
(75, 3, 4, 2, 3, 3, 1, 1, 1, 2, 2, 2, 1, 1, 3, 1, 3, 2, 1, 1),
(88, 4, 5, 3, 3, 3, 3, 3, 3, 3, 3, 3, 3, 3, 3, 3, 3, 3, 3, 3),
(80, 13, 7, 3, 2, 3, 2, 3, 2, 3, 2, 3, 2, 3, 2, 3, 2, 3, 2, 3),
(75, 4, 5, 2, 3, 3, 3, 2, 3, 3, 3, 2, 3, 3, 2, 3, 3, 3, 2, 3),
(88, 13, 7, 3, 3, 3, 2, 2, 2, 3, 3, 3, 2, 3, 2, 3, 3, 2, 2, 3),
(83, 4, 5, 2, 1, 2, 1, 2, 1, 3, 2, 1, 1, 1, 2, 2, 1, 1, 1, 1),
(75, 13, 7, 1, 1, 1, 1, 1, 1, 1, 1, 1, 1, 1, 1, 1, 1, 1, 1, 1),
(50, 1, 1, 3, 3, 3, 3, 3, 3, 3, 3, 3, 3, 3, 3, 3, 3, 3, 3, 3),
(83, 13, 7, 1, 1, 1, 1, 1, 1, 1, 1, 1, 1, 1, 1, 1, 1, 1, 1, 1),
(39, 1, 1, 3, 2, 3, 1, 2, 3, 1, 3, 2, 1, 3, 1, 3, 2, 1, 3, 2),
(39, 12, 2, 3, 2, 3, 1, 3, 2, 1, 3, 1, 3, 2, 1, 3, 1, 3, 1, 3),
(71, 1, 1, 3, 3, 3, 3, 3, 3, 3, 3, 3, 3, 3, 3, 3, 3, 3, 3, 3),
(81, 1, 1, 3, 3, 3, 3, 3, 3, 2, 3, 3, 3, 2, 3, 2, 3, 3, 3, 3),
(39, 2, 3, 3, 2, 1, 3, 2, 1, 3, 2, 1, 1, 3, 1, 1, 2, 2, 3, 1),
(71, 3, 4, 3, 2, 3, 3, 3, 2, 3, 3, 3, 3, 3, 2, 2, 3, 3, 3, 3),
(78, 1, 1, 3, 3, 3, 3, 3, 3, 3, 3, 3, 3, 3, 3, 3, 3, 3, 3, 3),
(39, 3, 4, 3, 2, 1, 1, 1, 2, 3, 1, 3, 2, 1, 3, 2, 1, 2, 2, 2),
(71, 12, 2, 3, 3, 3, 3, 3, 3, 3, 3, 3, 3, 3, 3, 3, 3, 3, 3, 3),
(81, 12, 2, 3, 3, 3, 3, 3, 3, 3, 3, 2, 3, 3, 3, 3, 3, 3, 3, 3),
(78, 12, 2, 3, 3, 3, 3, 3, 3, 3, 3, 3, 3, 3, 3, 3, 3, 3, 3, 3),
(81, 2, 3, 3, 2, 1, 2, 3, 2, 1, 2, 3, 2, 1, 2, 3, 2, 1, 2, 3),
(71, 4, 5, 3, 3, 3, 3, 3, 3, 3, 3, 2, 3, 3, 3, 3, 2, 3, 3, 3),
(50, 12, 2, 3, 3, 3, 3, 3, 3, 3, 3, 2, 3, 3, 2, 3, 2, 3, 3, 3),
(78, 2, 3, 2, 2, 2, 2, 2, 2, 2, 2, 2, 2, 2, 2, 2, 2, 2, 2, 2),
(39, 4, 5, 3, 2, 1, 3, 2, 1, 1, 2, 2, 1, 3, 1, 2, 1, 1, 3, 3),
(77, 1, 1, 2, 3, 2, 2, 2, 2, 2, 2, 2, 1, 2, 2, 2, 1, 2, 1, 2),
(53, 12, 2, 2, 2, 2, 2, 2, 2, 2, 2, 2, 2, 2, 2, 2, 2, 2, 2, 2),
(69, 1, 1, 3, 3, 3, 3, 3, 3, 3, 3, 2, 3, 2, 3, 3, 3, 3, 3, 3),
(81, 3, 4, 3, 3, 3, 2, 3, 3, 3, 3, 2, 3, 3, 3, 3, 3, 3, 3, 3),
(78, 3, 4, 3, 3, 3, 3, 3, 3, 3, 3, 3, 3, 3, 3, 3, 3, 3, 3, 3),
(71, 13, 7, 3, 2, 3, 3, 3, 3, 3, 3, 2, 3, 2, 3, 2, 3, 3, 3, 3),
(77, 12, 2, 2, 1, 2, 1, 2, 1, 2, 3, 1, 1, 2, 1, 2, 1, 1, 2, 2),
(53, 13, 7, 1, 1, 1, 1, 1, 1, 1, 1, 1, 1, 1, 1, 1, 1, 1, 1, 1),
(81, 4, 5, 3, 3, 3, 3, 3, 3, 3, 3, 3, 3, 3, 3, 3, 3, 3, 3, 3),
(77, 2, 3, 1, 2, 1, 2, 1, 2, 1, 2, 1, 1, 2, 1, 2, 1, 2, 2, 1),
(78, 4, 5, 3, 3, 3, 3, 3, 3, 3, 3, 3, 3, 3, 3, 3, 3, 3, 3, 3),
(71, 2, 3, 3, 2, 3, 3, 2, 3, 3, 2, 3, 3, 2, 3, 3, 3, 2, 3, 2),
(77, 3, 4, 2, 3, 2, 2, 2, 1, 2, 2, 1, 1, 2, 2, 2, 3, 1, 2, 2),
(81, 13, 7, 3, 2, 3, 2, 3, 3, 3, 3, 3, 3, 2, 2, 3, 3, 3, 3, 3),
(77, 4, 5, 3, 2, 3, 2, 2, 2, 2, 3, 2, 1, 2, 3, 2, 1, 2, 2, 2),
(69, 12, 2, 3, 3, 3, 3, 3, 3, 3, 3, 3, 3, 3, 3, 3, 2, 3, 3, 3),
(78, 13, 7, 2, 2, 2, 2, 2, 2, 2, 2, 2, 2, 2, 2, 2, 2, 2, 2, 2),
(50, 2, 3, 2, 2, 3, 2, 2, 1, 1, 1, 1, 1, 1, 1, 1, 1, 1, 1, 1),
(77, 13, 7, 1, 1, 1, 1, 1, 1, 1, 1, 1, 1, 1, 1, 1, 1, 1, 1, 1),
(69, 2, 3, 3, 3, 3, 3, 2, 3, 3, 2, 3, 3, 3, 3, 2, 3, 3, 3, 3),
(50, 3, 4, 3, 3, 3, 3, 3, 3, 3, 3, 3, 3, 3, 3, 3, 3, 3, 3, 3),
(69, 3, 4, 3, 3, 3, 2, 3, 3, 3, 3, 2, 3, 3, 3, 2, 3, 3, 3, 3),
(50, 4, 5, 3, 3, 3, 3, 3, 3, 3, 3, 3, 3, 3, 3, 3, 3, 3, 3, 3),
(69, 4, 5, 3, 3, 3, 3, 3, 3, 2, 3, 3, 2, 3, 3, 3, 2, 3, 3, 3),
(69, 13, 7, 3, 3, 3, 2, 3, 3, 3, 2, 3, 3, 3, 2, 3, 3, 3, 2, 3),
(50, 13, 7, 3, 2, 3, 1, 1, 2, 2, 2, 1, 3, 3, 2, 3, 3, 3, 3, 3),
(47, 1, 1, 3, 3, 2, 3, 2, 3, 3, 3, 3, 2, 3, 3, 3, 3, 3, 3, 3),
(156, 14, 8, 3, 3, 3, 3, 3, 3, 3, 3, 3, 3, 3, 3, 3, 3, 3, 3, 3),
(156, 15, 9, 3, 3, 3, 3, 3, 3, 3, 3, 3, 3, 3, 3, 3, 3, 3, 3, 3),
(156, 16, 12, 1, 2, 2, 2, 1, 1, 2, 1, 1, 1, 2, 1, 2, 1, 2, 2, 1),
(156, 17, 13, 2, 2, 3, 2, 3, 1, 2, 3, 2, 2, 3, 1, 2, 2, 1, 3, 2),
(156, 18, 14, 1, 2, 2, 3, 1, 2, 2, 1, 1, 2, 1, 1, 1, 2, 1, 1, 1),
(156, 19, 15, 3, 2, 3, 3, 3, 2, 2, 2, 3, 3, 2, 2, 3, 1, 3, 3, 3),
(159, 14, 8, 3, 3, 3, 3, 3, 3, 3, 3, 3, 3, 3, 3, 3, 3, 3, 3, 3),
(173, 18, 14, 3, 1, 1, 1, 3, 2, 1, 1, 1, 1, 2, 2, 2, 2, 3, 2, 3),
(257, 28, 17, 3, 3, 3, 3, 3, 3, 3, 3, 3, 3, 3, 3, 3, 3, 3, 3, 3),
(159, 15, 9, 2, 2, 2, 2, 2, 2, 2, 2, 2, 2, 2, 2, 2, 2, 2, 2, 2),
(169, 16, 12, 2, 1, 2, 2, 1, 2, 1, 1, 1, 1, 1, 1, 1, 1, 1, 1, 1),
(159, 16, 12, 1, 1, 1, 2, 1, 2, 1, 1, 1, 2, 2, 2, 1, 1, 1, 1, 1),
(159, 17, 13, 3, 3, 3, 3, 3, 3, 3, 3, 3, 3, 3, 3, 3, 3, 3, 3, 3),
(267, 27, 16, 1, 1, 1, 1, 1, 1, 1, 1, 1, 1, 1, 1, 1, 1, 1, 1, 1),
(198, 14, 8, 3, 3, 3, 3, 3, 3, 2, 2, 2, 1, 3, 3, 2, 3, 3, 2, 2),
(258, 27, 16, 2, 3, 2, 2, 3, 2, 3, 2, 1, 1, 2, 3, 2, 3, 3, 2, 2),
(267, 28, 17, 1, 1, 1, 1, 1, 1, 1, 1, 1, 1, 1, 1, 1, 1, 1, 1, 1),
(159, 18, 14, 3, 3, 3, 3, 3, 3, 3, 3, 3, 3, 3, 3, 3, 3, 3, 3, 3),
(198, 15, 9, 3, 3, 3, 3, 3, 3, 3, 3, 2, 1, 3, 3, 3, 3, 3, 3, 3),
(258, 28, 17, 2, 3, 3, 2, 3, 2, 3, 2, 3, 2, 3, 2, 3, 2, 2, 3, 3),
(267, 29, 18, 1, 1, 1, 1, 1, 1, 1, 1, 1, 1, 1, 1, 1, 1, 1, 1, 1),
(159, 19, 15, 3, 3, 3, 3, 3, 3, 3, 3, 3, 3, 3, 3, 3, 3, 3, 3, 3),
(198, 16, 12, 3, 3, 2, 3, 3, 3, 1, 1, 1, 1, 2, 2, 2, 2, 2, 2, 2),
(169, 15, 9, 3, 3, 3, 3, 3, 3, 3, 3, 2, 3, 2, 3, 3, 3, 3, 3, 3),
(267, 30, 19, 2, 3, 2, 3, 2, 3, 3, 3, 2, 3, 2, 3, 2, 3, 3, 2, 3),
(220, 27, 16, 3, 3, 3, 2, 3, 3, 2, 2, 1, 1, 2, 2, 3, 2, 3, 3, 3),
(185, 14, 8, 3, 3, 3, 2, 2, 3, 3, 3, 3, 1, 3, 2, 2, 3, 3, 2, 3),
(151, 17, 13, 3, 3, 3, 3, 2, 3, 3, 3, 3, 2, 3, 3, 3, 2, 3, 3, 3),
(198, 17, 13, 3, 3, 3, 3, 3, 3, 2, 2, 2, 1, 2, 2, 2, 2, 2, 2, 2),
(258, 29, 18, 2, 1, 2, 1, 2, 1, 2, 1, 2, 1, 2, 1, 2, 1, 2, 1, 2),
(251, 27, 16, 3, 3, 3, 3, 2, 3, 3, 2, 2, 2, 3, 3, 3, 2, 3, 3, 3),
(152, 14, 8, 3, 3, 2, 3, 2, 3, 3, 2, 3, 1, 3, 3, 3, 2, 2, 3, 3),
(267, 31, 20, 2, 2, 2, 2, 2, 3, 2, 3, 2, 2, 3, 2, 1, 2, 3, 2, 1),
(236, 29, 18, 3, 3, 2, 2, 2, 3, 3, 3, 3, 3, 3, 3, 2, 3, 3, 3, 3),
(220, 28, 17, 3, 2, 2, 3, 2, 3, 2, 3, 2, 3, 2, 3, 2, 3, 2, 3, 2),
(224, 27, 16, 3, 3, 2, 3, 2, 3, 3, 3, 2, 1, 3, 2, 2, 3, 2, 3, 3),
(198, 18, 14, 3, 3, 3, 3, 3, 3, 1, 1, 1, 1, 3, 3, 3, 3, 3, 3, 3),
(160, 14, 8, 3, 3, 3, 3, 3, 3, 3, 3, 3, 2, 3, 2, 3, 3, 3, 2, 3),
(267, 32, 21, 1, 1, 1, 1, 1, 1, 1, 1, 1, 1, 1, 1, 1, 1, 1, 1, 1),
(258, 30, 19, 3, 3, 3, 3, 3, 3, 3, 3, 3, 3, 3, 3, 3, 3, 3, 3, 3),
(267, 33, 22, 2, 1, 2, 1, 2, 1, 2, 1, 2, 1, 1, 1, 2, 1, 2, 1, 1),
(248, 27, 16, 1, 2, 1, 2, 3, 3, 2, 1, 1, 1, 2, 2, 3, 2, 3, 2, 3),
(158, 14, 8, 2, 3, 3, 3, 3, 3, 3, 3, 3, 2, 3, 3, 3, 3, 3, 3, 3),
(258, 31, 20, 3, 3, 3, 3, 3, 3, 3, 3, 3, 3, 3, 3, 3, 3, 3, 3, 3),
(152, 15, 9, 3, 3, 3, 3, 3, 3, 3, 3, 2, 1, 3, 3, 3, 3, 3, 3, 3),
(151, 14, 8, 3, 3, 3, 3, 3, 3, 3, 3, 3, 3, 3, 2, 3, 3, 3, 3, 3),
(236, 27, 16, 3, 3, 3, 3, 2, 2, 2, 2, 2, 2, 2, 2, 2, 2, 2, 2, 2),
(160, 15, 9, 2, 2, 2, 2, 2, 2, 3, 3, 3, 3, 2, 2, 3, 3, 3, 3, 3),
(169, 14, 8, 3, 3, 3, 3, 3, 3, 3, 3, 3, 3, 3, 3, 3, 3, 3, 3, 3),
(198, 19, 15, 2, 2, 2, 2, 2, 2, 1, 2, 1, 1, 2, 2, 2, 2, 2, 2, 2),
(172, 14, 8, 3, 3, 2, 3, 3, 3, 3, 3, 3, 2, 3, 3, 3, 3, 3, 3, 3),
(247, 30, 19, 3, 3, 3, 2, 3, 2, 3, 2, 2, 2, 2, 2, 3, 2, 3, 3, 2),
(220, 29, 18, 3, 3, 3, 3, 3, 2, 3, 3, 2, 1, 3, 3, 3, 3, 3, 2, 2),
(185, 15, 9, 3, 3, 3, 3, 2, 3, 3, 3, 2, 1, 3, 1, 2, 2, 2, 2, 2),
(248, 29, 18, 3, 3, 3, 3, 3, 3, 3, 3, 3, 3, 3, 3, 3, 3, 3, 3, 3),
(258, 32, 21, 2, 3, 3, 3, 3, 3, 3, 3, 3, 3, 3, 3, 3, 3, 3, 3, 3),
(150, 14, 8, 3, 3, 3, 3, 2, 2, 2, 2, 3, 1, 3, 3, 3, 2, 3, 3, 3),
(224, 28, 17, 2, 3, 1, 2, 2, 2, 2, 3, 2, 1, 3, 2, 2, 1, 3, 2, 3),
(254, 27, 16, 2, 2, 3, 3, 3, 2, 3, 3, 2, 2, 3, 3, 3, 2, 3, 3, 3),
(220, 30, 19, 3, 3, 3, 3, 3, 2, 2, 2, 2, 3, 3, 3, 2, 3, 2, 2, 3),
(258, 33, 22, 3, 3, 3, 3, 3, 3, 3, 3, 3, 3, 3, 3, 3, 3, 3, 3, 3),
(235, 27, 16, 3, 3, 3, 3, 2, 3, 3, 3, 2, 2, 3, 3, 3, 3, 2, 3, 2),
(160, 16, 12, 3, 3, 2, 2, 2, 2, 2, 2, 2, 2, 2, 2, 2, 2, 2, 2, 3),
(169, 17, 13, 3, 3, 3, 3, 3, 3, 3, 3, 3, 3, 3, 3, 3, 3, 3, 3, 3),
(248, 31, 20, 3, 3, 3, 3, 3, 3, 3, 3, 3, 3, 3, 3, 3, 3, 3, 3, 3),
(172, 15, 9, 3, 3, 3, 3, 3, 3, 3, 3, 3, 3, 3, 3, 3, 3, 3, 3, 3),
(251, 28, 17, 3, 3, 3, 3, 3, 3, 3, 3, 2, 1, 3, 3, 3, 3, 3, 3, 3),
(152, 16, 12, 2, 2, 2, 2, 2, 2, 2, 2, 2, 1, 3, 3, 3, 3, 2, 3, 2),
(150, 15, 9, 3, 2, 3, 2, 3, 2, 3, 3, 1, 1, 3, 2, 2, 3, 3, 3, 3),
(220, 31, 20, 3, 3, 3, 3, 3, 3, 3, 3, 3, 3, 3, 3, 3, 3, 3, 3, 3),
(151, 15, 9, 3, 3, 3, 3, 3, 3, 3, 3, 3, 1, 3, 3, 3, 3, 3, 3, 3),
(177, 14, 8, 3, 2, 3, 3, 2, 3, 3, 3, 3, 2, 3, 3, 3, 2, 2, 3, 3),
(185, 16, 12, 2, 1, 1, 1, 1, 2, 2, 1, 2, 2, 1, 1, 2, 2, 1, 1, 1),
(246, 27, 16, 2, 3, 3, 2, 3, 3, 3, 3, 2, 3, 3, 3, 3, 2, 3, 3, 3),
(236, 28, 17, 3, 3, 3, 3, 3, 2, 3, 2, 3, 3, 3, 3, 3, 2, 3, 2, 2),
(248, 28, 17, 2, 2, 2, 2, 2, 2, 2, 2, 2, 2, 2, 2, 2, 2, 2, 2, 2),
(172, 16, 12, 2, 2, 2, 2, 2, 2, 2, 2, 2, 2, 2, 2, 2, 2, 2, 2, 2),
(160, 17, 13, 3, 3, 3, 3, 3, 3, 3, 3, 2, 3, 3, 3, 2, 2, 2, 2, 3),
(149, 14, 8, 3, 3, 3, 3, 2, 3, 3, 3, 3, 1, 2, 2, 3, 3, 3, 3, 3),
(148, 14, 8, 3, 3, 2, 2, 3, 3, 3, 3, 3, 1, 3, 3, 3, 2, 3, 2, 3),
(220, 32, 21, 3, 3, 2, 2, 3, 3, 2, 2, 3, 3, 2, 2, 3, 3, 2, 2, 2),
(188, 14, 8, 2, 2, 1, 2, 2, 2, 1, 1, 2, 1, 2, 2, 2, 2, 2, 2, 2),
(183, 19, 15, 3, 3, 3, 3, 3, 3, 3, 3, 3, 3, 3, 3, 3, 3, 3, 3, 3),
(150, 16, 12, 1, 1, 1, 1, 1, 1, 1, 1, 2, 1, 1, 1, 1, 3, 3, 1, 1),
(228, 27, 16, 2, 2, 3, 1, 2, 2, 2, 2, 1, 1, 1, 2, 2, 2, 2, 2, 2),
(172, 17, 13, 3, 3, 3, 3, 3, 3, 3, 3, 3, 3, 3, 3, 3, 3, 3, 3, 3),
(224, 29, 18, 3, 2, 2, 1, 3, 2, 3, 2, 1, 2, 2, 2, 2, 2, 3, 2, 3),
(248, 30, 19, 2, 2, 2, 2, 2, 2, 2, 2, 2, 2, 2, 2, 2, 2, 2, 2, 2),
(236, 30, 19, 3, 3, 3, 3, 3, 3, 3, 3, 3, 3, 3, 3, 3, 3, 3, 3, 3),
(268, 27, 16, 2, 2, 2, 2, 2, 3, 2, 2, 3, 3, 3, 3, 3, 2, 2, 2, 2),
(169, 18, 14, 3, 3, 3, 3, 3, 3, 2, 1, 2, 1, 3, 2, 2, 3, 3, 2, 2),
(220, 33, 22, 3, 3, 3, 3, 3, 3, 3, 3, 3, 3, 3, 3, 3, 3, 3, 3, 3),
(235, 28, 17, 3, 3, 3, 3, 3, 3, 3, 3, 2, 2, 3, 3, 3, 3, 3, 3, 3),
(152, 17, 13, 3, 3, 3, 3, 3, 3, 3, 2, 2, 1, 3, 2, 3, 3, 3, 3, 3),
(150, 17, 13, 3, 3, 3, 3, 3, 3, 3, 3, 2, 1, 3, 3, 3, 3, 3, 3, 3),
(250, 27, 16, 2, 2, 3, 3, 2, 2, 2, 2, 1, 2, 2, 2, 2, 2, 2, 3, 2),
(183, 18, 14, 3, 3, 3, 3, 3, 3, 3, 3, 3, 3, 3, 3, 3, 3, 3, 3, 3),
(155, 14, 8, 3, 2, 1, 2, 3, 3, 2, 3, 3, 1, 3, 2, 2, 2, 3, 2, 2),
(248, 32, 21, 1, 1, 1, 1, 1, 1, 1, 1, 1, 1, 1, 1, 1, 1, 1, 1, 1),
(236, 31, 20, 3, 3, 3, 3, 3, 3, 3, 3, 3, 3, 3, 3, 3, 3, 3, 3, 3),
(169, 19, 15, 3, 3, 3, 3, 3, 3, 3, 3, 3, 2, 3, 3, 3, 3, 3, 3, 3),
(185, 17, 13, 2, 3, 2, 2, 2, 3, 3, 3, 3, 1, 2, 2, 2, 2, 3, 3, 3),
(151, 16, 12, 3, 2, 2, 1, 1, 3, 1, 2, 2, 1, 1, 1, 1, 1, 2, 1, 2),
(246, 28, 17, 3, 3, 3, 3, 3, 3, 3, 3, 2, 3, 3, 3, 3, 3, 3, 3, 3),
(254, 28, 17, 2, 3, 2, 3, 2, 2, 3, 3, 3, 2, 2, 3, 3, 2, 2, 3, 3),
(150, 19, 15, 2, 2, 2, 3, 3, 3, 2, 2, 3, 1, 3, 2, 3, 3, 3, 3, 3),
(177, 15, 9, 3, 3, 3, 3, 3, 3, 3, 3, 2, 2, 3, 3, 3, 3, 3, 3, 3),
(188, 15, 9, 3, 3, 1, 3, 3, 3, 3, 3, 3, 2, 3, 3, 2, 3, 3, 2, 3),
(172, 18, 14, 3, 2, 2, 2, 2, 3, 3, 3, 2, 3, 3, 3, 3, 3, 3, 3, 3),
(250, 28, 17, 3, 3, 3, 3, 3, 3, 3, 3, 3, 3, 3, 3, 3, 3, 3, 3, 3),
(228, 28, 17, 2, 2, 2, 2, 1, 2, 2, 3, 1, 1, 2, 2, 2, 2, 3, 2, 2),
(248, 33, 22, 3, 2, 3, 2, 3, 2, 3, 3, 3, 3, 2, 3, 3, 3, 3, 3, 3),
(224, 30, 19, 2, 3, 2, 1, 1, 2, 3, 3, 1, 1, 2, 3, 2, 3, 2, 3, 2),
(152, 18, 14, 3, 2, 2, 2, 1, 1, 3, 2, 1, 1, 2, 2, 3, 3, 3, 3, 3),
(255, 27, 16, 3, 3, 3, 3, 3, 3, 3, 3, 3, 3, 3, 3, 3, 3, 3, 3, 3),
(158, 15, 9, 2, 2, 3, 2, 3, 2, 3, 3, 2, 3, 2, 3, 3, 3, 2, 2, 3),
(251, 29, 18, 3, 3, 3, 3, 3, 3, 3, 3, 2, 1, 3, 3, 3, 3, 3, 3, 3),
(268, 28, 17, 2, 3, 2, 2, 3, 2, 3, 3, 3, 3, 2, 3, 3, 3, 3, 3, 3),
(236, 32, 21, 3, 3, 3, 3, 3, 3, 3, 3, 2, 3, 3, 3, 3, 3, 3, 3, 3),
(150, 18, 14, 2, 2, 1, 2, 1, 2, 1, 2, 1, 2, 1, 2, 1, 2, 3, 2, 2),
(250, 29, 18, 3, 3, 3, 3, 3, 3, 3, 3, 3, 3, 3, 3, 3, 3, 3, 3, 3),
(172, 19, 15, 3, 3, 3, 3, 3, 3, 3, 3, 2, 3, 3, 3, 3, 3, 3, 3, 3),
(152, 19, 15, 3, 3, 3, 3, 3, 3, 3, 3, 3, 1, 3, 3, 3, 3, 3, 3, 3),
(254, 29, 18, 3, 3, 3, 3, 3, 3, 3, 3, 2, 3, 3, 3, 3, 3, 3, 3, 3),
(183, 17, 13, 3, 3, 3, 3, 3, 3, 3, 3, 3, 3, 3, 3, 3, 3, 3, 3, 3),
(149, 15, 9, 3, 3, 2, 3, 3, 3, 3, 3, 3, 1, 3, 3, 3, 3, 3, 3, 3),
(246, 29, 18, 3, 3, 3, 3, 3, 3, 3, 3, 2, 3, 3, 3, 3, 3, 3, 3, 3),
(160, 18, 14, 2, 2, 1, 2, 2, 2, 1, 2, 1, 1, 2, 2, 2, 2, 2, 2, 2),
(255, 28, 17, 3, 3, 2, 2, 2, 2, 2, 2, 2, 3, 3, 2, 2, 1, 1, 2, 3),
(250, 30, 19, 3, 3, 3, 3, 3, 3, 3, 3, 3, 3, 3, 3, 3, 3, 3, 3, 3),
(235, 29, 18, 3, 3, 3, 3, 3, 3, 3, 3, 2, 1, 3, 3, 3, 3, 3, 3, 3),
(158, 16, 12, 3, 2, 3, 3, 3, 2, 3, 3, 3, 2, 2, 2, 3, 3, 3, 2, 2),
(148, 15, 9, 3, 3, 2, 3, 3, 3, 3, 3, 3, 1, 3, 3, 3, 3, 3, 3, 3),
(155, 15, 9, 3, 3, 1, 2, 2, 2, 3, 3, 1, 1, 2, 2, 2, 2, 2, 2, 2),
(265, 27, 16, 1, 1, 1, 1, 1, 1, 1, 1, 1, 1, 1, 1, 1, 1, 1, 1, 1),
(268, 29, 18, 3, 3, 3, 3, 3, 3, 3, 3, 3, 3, 3, 3, 3, 3, 3, 3, 3),
(177, 16, 12, 2, 1, 2, 2, 2, 2, 1, 2, 3, 1, 1, 2, 2, 2, 2, 2, 2),
(236, 33, 22, 2, 2, 2, 2, 2, 2, 3, 3, 3, 3, 3, 3, 2, 3, 3, 3, 3),
(254, 30, 19, 2, 3, 3, 3, 3, 3, 2, 3, 3, 2, 3, 2, 3, 3, 3, 3, 3),
(183, 16, 12, 2, 2, 2, 2, 2, 2, 2, 2, 2, 2, 2, 2, 2, 2, 2, 2, 2),
(188, 16, 12, 2, 1, 2, 1, 1, 1, 1, 1, 1, 1, 2, 1, 1, 2, 1, 1, 1),
(251, 30, 19, 3, 3, 3, 3, 3, 3, 3, 3, 3, 3, 3, 3, 3, 3, 3, 3, 3),
(246, 30, 19, 3, 3, 3, 3, 3, 3, 3, 3, 2, 3, 3, 3, 3, 3, 3, 3, 3),
(250, 31, 20, 3, 3, 3, 3, 3, 3, 3, 3, 3, 3, 3, 3, 3, 3, 3, 3, 3),
(173, 14, 8, 3, 3, 3, 3, 2, 2, 3, 3, 3, 1, 3, 3, 3, 3, 3, 3, 3),
(255, 29, 18, 1, 1, 1, 1, 1, 1, 1, 1, 1, 1, 1, 1, 1, 1, 1, 1, 1),
(228, 29, 18, 2, 2, 2, 2, 2, 2, 2, 2, 2, 1, 2, 3, 2, 2, 2, 2, 3),
(168, 14, 8, 2, 2, 2, 2, 2, 2, 2, 3, 3, 1, 1, 2, 2, 2, 2, 1, 3),
(185, 18, 14, 3, 2, 2, 2, 2, 2, 3, 2, 1, 1, 3, 3, 2, 2, 2, 3, 3),
(265, 28, 17, 1, 1, 1, 1, 1, 1, 1, 1, 1, 1, 1, 1, 1, 1, 1, 1, 1),
(158, 17, 13, 3, 2, 3, 2, 3, 2, 3, 2, 3, 2, 2, 3, 3, 3, 2, 3, 3),
(235, 30, 19, 3, 3, 3, 3, 3, 3, 3, 3, 2, 3, 3, 3, 3, 3, 3, 3, 3),
(254, 31, 20, 3, 3, 3, 3, 3, 3, 3, 3, 3, 3, 3, 3, 3, 3, 3, 3, 3),
(255, 30, 19, 3, 3, 3, 3, 3, 3, 2, 3, 2, 3, 2, 3, 3, 2, 2, 2, 3),
(155, 16, 12, 2, 2, 2, 2, 2, 2, 1, 1, 1, 1, 1, 1, 1, 2, 2, 2, 2),
(251, 31, 20, 3, 3, 3, 3, 3, 3, 3, 3, 3, 3, 3, 3, 3, 3, 3, 3, 3),
(265, 29, 18, 1, 1, 1, 2, 1, 1, 2, 1, 1, 2, 1, 1, 2, 1, 1, 2, 1),
(173, 15, 9, 2, 3, 2, 3, 2, 3, 2, 3, 1, 1, 3, 2, 3, 2, 3, 2, 3),
(151, 19, 15, 3, 3, 3, 3, 2, 2, 3, 3, 2, 1, 2, 2, 2, 3, 2, 3, 3),
(224, 31, 20, 3, 2, 3, 3, 2, 3, 3, 3, 2, 2, 3, 2, 3, 3, 3, 3, 3),
(246, 31, 20, 3, 3, 3, 3, 3, 3, 3, 3, 3, 3, 3, 3, 3, 3, 3, 3, 3),
(158, 18, 14, 3, 3, 2, 2, 2, 3, 3, 3, 2, 2, 2, 3, 3, 2, 2, 2, 2),
(268, 30, 19, 3, 2, 3, 2, 3, 2, 3, 2, 3, 2, 3, 2, 3, 2, 3, 2, 3),
(177, 17, 13, 3, 3, 3, 3, 3, 3, 3, 3, 2, 2, 3, 3, 3, 3, 3, 3, 3),
(235, 31, 20, 3, 3, 3, 3, 3, 3, 3, 3, 3, 3, 3, 3, 3, 3, 3, 3, 3),
(160, 19, 15, 3, 3, 2, 2, 2, 2, 3, 3, 2, 2, 3, 3, 3, 3, 2, 3, 2),
(255, 31, 20, 3, 3, 3, 3, 3, 3, 3, 3, 3, 3, 3, 3, 3, 3, 3, 3, 3),
(188, 17, 13, 3, 2, 2, 2, 2, 3, 3, 3, 2, 2, 3, 2, 2, 2, 2, 3, 3),
(251, 32, 21, 3, 3, 3, 3, 3, 3, 3, 3, 3, 3, 3, 3, 3, 3, 3, 3, 3),
(265, 30, 19, 3, 3, 3, 3, 3, 3, 2, 3, 3, 2, 3, 3, 2, 3, 3, 2, 2),
(183, 15, 9, 3, 3, 3, 3, 3, 3, 3, 3, 3, 3, 3, 3, 3, 3, 3, 3, 3),
(254, 32, 21, 3, 3, 3, 3, 2, 2, 3, 3, 3, 2, 2, 3, 3, 3, 2, 3, 3),
(250, 32, 21, 2, 2, 2, 3, 2, 2, 2, 2, 2, 3, 2, 2, 3, 3, 2, 2, 2),
(235, 32, 21, 3, 3, 3, 3, 3, 3, 3, 3, 3, 3, 3, 3, 3, 3, 3, 3, 3),
(149, 16, 12, 2, 2, 2, 2, 1, 2, 2, 2, 2, 1, 2, 2, 2, 2, 2, 2, 2),
(228, 30, 19, 2, 2, 2, 2, 2, 2, 2, 3, 2, 1, 2, 2, 2, 1, 2, 2, 2),
(268, 31, 20, 2, 3, 2, 3, 2, 3, 2, 3, 2, 3, 2, 3, 2, 3, 2, 3, 2),
(269, 27, 16, 3, 3, 3, 3, 3, 3, 3, 3, 2, 3, 3, 3, 3, 3, 3, 3, 3),
(255, 32, 21, 2, 2, 2, 2, 2, 2, 2, 2, 2, 2, 2, 2, 2, 2, 2, 2, 2),
(173, 16, 12, 1, 1, 1, 1, 1, 2, 1, 1, 1, 1, 1, 1, 2, 1, 3, 1, 1),
(251, 33, 22, 3, 3, 3, 3, 3, 3, 3, 3, 2, 3, 3, 3, 3, 3, 3, 3, 3),
(246, 32, 21, 3, 3, 2, 3, 3, 3, 3, 3, 3, 3, 3, 3, 3, 3, 3, 3, 3),
(265, 31, 20, 3, 3, 3, 3, 3, 3, 3, 3, 3, 3, 3, 3, 3, 3, 3, 3, 3),
(254, 33, 22, 2, 2, 3, 3, 3, 3, 3, 3, 2, 3, 3, 3, 2, 3, 2, 3, 2),
(255, 33, 22, 1, 1, 1, 3, 3, 3, 1, 1, 1, 3, 3, 3, 1, 1, 1, 3, 3),
(250, 33, 22, 2, 2, 2, 3, 2, 2, 2, 2, 2, 2, 2, 2, 2, 2, 2, 2, 2),
(148, 16, 12, 2, 2, 2, 2, 2, 2, 1, 2, 2, 1, 2, 1, 2, 1, 3, 2, 2),
(235, 33, 22, 3, 3, 3, 3, 3, 3, 3, 2, 2, 2, 3, 3, 3, 3, 3, 3, 3),
(151, 18, 14, 3, 3, 3, 2, 2, 2, 2, 2, 2, 1, 3, 3, 3, 2, 3, 3, 3),
(224, 32, 21, 2, 3, 2, 2, 3, 2, 2, 3, 2, 3, 3, 2, 3, 2, 2, 2, 2),
(185, 19, 15, 3, 3, 2, 2, 1, 2, 3, 3, 1, 1, 2, 3, 3, 3, 3, 2, 2),
(173, 17, 13, 3, 3, 3, 3, 3, 3, 3, 3, 1, 1, 3, 3, 3, 3, 3, 3, 3),
(183, 14, 8, 3, 3, 3, 3, 3, 3, 3, 3, 3, 3, 3, 3, 3, 3, 3, 3, 3),
(265, 32, 21, 1, 1, 1, 1, 1, 1, 1, 1, 1, 1, 1, 1, 1, 1, 1, 1, 1),
(246, 33, 22, 3, 3, 3, 3, 3, 3, 3, 3, 3, 3, 3, 3, 3, 3, 3, 3, 3),
(268, 32, 21, 3, 2, 3, 3, 3, 2, 2, 3, 3, 2, 3, 3, 2, 3, 2, 3, 2),
(228, 31, 20, 2, 2, 2, 2, 2, 2, 3, 2, 3, 2, 2, 1, 2, 1, 2, 2, 3),
(188, 18, 14, 2, 1, 1, 1, 1, 2, 1, 1, 1, 2, 2, 2, 2, 2, 1, 2, 2),
(177, 18, 14, 2, 2, 2, 3, 3, 2, 2, 2, 2, 2, 2, 2, 2, 2, 2, 2, 3),
(168, 15, 9, 3, 3, 3, 3, 3, 2, 3, 3, 3, 2, 3, 3, 3, 3, 3, 3, 3),
(173, 19, 15, 3, 2, 3, 2, 3, 2, 3, 3, 1, 1, 3, 3, 2, 3, 3, 3, 3),
(155, 17, 13, 3, 3, 2, 2, 2, 2, 3, 3, 1, 1, 2, 3, 3, 2, 2, 3, 3),
(157, 14, 8, 3, 3, 3, 3, 3, 3, 3, 3, 3, 3, 3, 3, 3, 3, 3, 3, 3),
(269, 28, 17, 3, 2, 2, 3, 3, 3, 3, 2, 3, 3, 3, 3, 2, 3, 3, 3, 3),
(265, 33, 22, 2, 2, 1, 2, 1, 2, 1, 1, 1, 1, 2, 1, 2, 1, 1, 2, 2),
(149, 17, 13, 3, 3, 3, 3, 3, 3, 3, 3, 3, 1, 3, 3, 3, 3, 3, 3, 3),
(157, 15, 9, 3, 2, 2, 3, 2, 3, 1, 2, 2, 2, 2, 3, 3, 3, 3, 3, 2),
(268, 33, 22, 3, 3, 2, 2, 3, 3, 3, 3, 3, 3, 3, 3, 3, 3, 3, 2, 3),
(158, 19, 15, 3, 3, 3, 3, 3, 3, 3, 3, 3, 3, 3, 3, 3, 3, 3, 3, 3),
(224, 33, 22, 2, 3, 2, 2, 1, 2, 3, 3, 2, 1, 2, 2, 3, 2, 3, 2, 2),
(177, 19, 15, 3, 3, 3, 3, 3, 3, 3, 3, 2, 2, 3, 3, 3, 3, 3, 3, 3),
(245, 28, 17, 3, 3, 3, 3, 3, 3, 3, 3, 3, 3, 3, 3, 3, 3, 3, 3, 3),
(232, 27, 16, 3, 3, 3, 3, 3, 3, 3, 3, 3, 3, 3, 3, 3, 3, 3, 3, 3),
(188, 19, 15, 3, 2, 1, 2, 2, 2, 3, 2, 2, 1, 2, 2, 2, 2, 2, 2, 2),
(148, 17, 13, 3, 3, 3, 3, 3, 3, 3, 3, 3, 1, 3, 3, 3, 3, 3, 3, 3),
(155, 18, 14, 3, 3, 2, 3, 2, 2, 2, 2, 1, 1, 2, 2, 2, 2, 2, 2, 2),
(228, 32, 21, 1, 1, 1, 1, 1, 1, 1, 2, 1, 3, 1, 2, 1, 3, 1, 1, 1),
(269, 29, 18, 3, 3, 3, 3, 3, 3, 3, 3, 3, 3, 3, 3, 3, 3, 3, 3, 3),
(157, 16, 12, 2, 2, 2, 2, 2, 2, 2, 2, 2, 2, 2, 2, 2, 2, 2, 2, 2),
(245, 29, 18, 3, 3, 3, 3, 3, 3, 3, 3, 3, 3, 3, 3, 3, 3, 3, 3, 3),
(157, 17, 13, 3, 3, 3, 3, 3, 3, 3, 3, 3, 3, 3, 3, 3, 3, 3, 3, 3),
(232, 28, 17, 3, 3, 3, 3, 3, 3, 3, 3, 3, 3, 3, 3, 3, 3, 3, 3, 3),
(149, 18, 14, 3, 3, 2, 2, 2, 3, 2, 2, 2, 1, 3, 3, 3, 2, 3, 2, 2),
(234, 27, 16, 3, 2, 3, 3, 3, 3, 2, 2, 2, 3, 3, 3, 3, 3, 2, 3, 2),
(228, 33, 22, 3, 2, 2, 2, 2, 2, 2, 2, 2, 2, 2, 2, 2, 2, 2, 2, 2),
(155, 19, 15, 3, 3, 2, 2, 2, 2, 3, 3, 2, 1, 3, 3, 3, 3, 3, 3, 3),
(269, 30, 19, 3, 3, 3, 3, 3, 3, 3, 3, 3, 3, 3, 3, 3, 3, 3, 3, 3),
(234, 28, 17, 3, 3, 3, 3, 3, 3, 3, 3, 3, 3, 3, 3, 3, 3, 3, 3, 3),
(245, 30, 19, 3, 3, 3, 3, 3, 3, 3, 3, 3, 3, 3, 3, 3, 3, 3, 3, 3),
(180, 14, 8, 3, 3, 3, 3, 3, 3, 3, 3, 3, 2, 3, 3, 3, 3, 3, 3, 3),
(232, 29, 18, 3, 3, 3, 2, 3, 3, 3, 3, 3, 3, 3, 3, 3, 3, 3, 3, 3),
(157, 18, 14, 3, 2, 2, 1, 1, 1, 3, 1, 1, 1, 2, 1, 1, 1, 3, 3, 3),
(149, 19, 15, 3, 3, 3, 3, 3, 3, 3, 3, 3, 1, 3, 3, 3, 3, 3, 3, 3),
(181, 14, 8, 3, 3, 3, 3, 3, 3, 3, 3, 3, 3, 3, 3, 3, 3, 3, 3, 3),
(148, 18, 14, 3, 2, 2, 2, 2, 2, 2, 2, 1, 1, 2, 2, 2, 2, 2, 3, 2),
(157, 19, 15, 3, 2, 3, 3, 3, 2, 2, 3, 2, 2, 2, 3, 3, 2, 1, 3, 3),
(234, 29, 18, 2, 2, 3, 2, 3, 3, 3, 2, 3, 2, 3, 3, 3, 3, 3, 3, 3),
(180, 15, 9, 3, 3, 3, 3, 3, 3, 3, 3, 3, 2, 3, 3, 3, 3, 3, 3, 3),
(232, 30, 19, 3, 3, 3, 3, 3, 3, 3, 3, 3, 3, 3, 3, 3, 3, 3, 3, 3),
(269, 31, 20, 3, 3, 3, 3, 3, 3, 3, 3, 3, 3, 3, 3, 3, 3, 3, 3, 3),
(249, 27, 16, 2, 2, 3, 2, 3, 2, 3, 2, 3, 2, 3, 2, 3, 2, 3, 2, 3),
(181, 15, 9, 3, 3, 3, 3, 3, 3, 3, 3, 3, 3, 3, 3, 3, 3, 3, 3, 3),
(245, 31, 20, 3, 3, 3, 3, 3, 3, 3, 3, 3, 3, 3, 3, 3, 3, 3, 3, 3),
(148, 19, 15, 3, 3, 3, 3, 3, 3, 3, 3, 2, 1, 3, 3, 3, 3, 3, 2, 3),
(234, 30, 19, 2, 3, 2, 3, 2, 3, 3, 3, 3, 3, 3, 3, 3, 3, 3, 3, 3),
(168, 16, 12, 1, 2, 2, 2, 1, 2, 2, 2, 3, 1, 1, 1, 2, 1, 2, 2, 1),
(249, 28, 17, 2, 2, 3, 2, 2, 3, 2, 2, 3, 2, 2, 3, 2, 2, 3, 2, 2),
(154, 14, 8, 3, 3, 2, 3, 2, 2, 3, 3, 3, 3, 3, 3, 2, 3, 3, 3, 2),
(232, 31, 20, 3, 3, 3, 3, 3, 3, 3, 3, 3, 3, 3, 3, 3, 3, 3, 3, 3),
(241, 27, 16, 2, 2, 1, 1, 1, 1, 1, 1, 1, 1, 2, 1, 1, 1, 1, 1, 1),
(181, 16, 12, 3, 3, 3, 3, 3, 3, 3, 3, 3, 3, 3, 3, 3, 3, 3, 3, 3),
(269, 32, 21, 3, 3, 3, 3, 3, 3, 3, 3, 3, 3, 3, 3, 3, 3, 3, 3, 3),
(180, 16, 12, 2, 1, 1, 1, 1, 1, 1, 2, 2, 1, 2, 2, 2, 2, 2, 1, 2),
(234, 31, 20, 3, 3, 3, 3, 3, 3, 3, 3, 3, 3, 3, 3, 3, 3, 3, 3, 3),
(249, 29, 18, 1, 1, 1, 1, 1, 1, 1, 1, 1, 1, 1, 1, 1, 1, 1, 1, 1),
(181, 17, 13, 3, 3, 3, 3, 3, 3, 3, 3, 3, 3, 3, 3, 3, 3, 3, 3, 3),
(232, 32, 21, 3, 2, 3, 3, 2, 3, 2, 3, 3, 3, 2, 3, 3, 3, 3, 3, 3),
(241, 28, 17, 3, 3, 3, 3, 3, 3, 3, 3, 3, 3, 3, 3, 3, 3, 3, 3, 3),
(252, 29, 18, 1, 2, 2, 1, 3, 2, 1, 2, 1, 3, 2, 2, 1, 2, 1, 1, 2),
(180, 17, 13, 3, 3, 3, 3, 3, 3, 3, 3, 2, 3, 3, 3, 3, 3, 3, 3, 3),
(181, 18, 14, 3, 3, 3, 3, 3, 3, 3, 3, 3, 3, 3, 3, 3, 3, 3, 3, 3),
(241, 29, 18, 3, 3, 3, 3, 3, 3, 3, 3, 3, 3, 3, 3, 3, 3, 3, 3, 3),
(249, 30, 19, 3, 3, 3, 3, 3, 3, 3, 3, 3, 3, 3, 3, 3, 3, 3, 3, 3),
(269, 33, 22, 3, 3, 3, 3, 3, 3, 3, 3, 3, 3, 3, 3, 3, 3, 3, 3, 3),
(232, 33, 22, 3, 3, 3, 3, 3, 3, 3, 3, 3, 3, 3, 3, 3, 3, 3, 3, 3),
(234, 32, 21, 3, 3, 3, 3, 3, 3, 3, 3, 3, 3, 3, 3, 3, 2, 2, 3, 3),
(181, 19, 15, 3, 3, 3, 3, 3, 3, 3, 3, 3, 3, 3, 3, 3, 3, 3, 3, 3),
(249, 31, 20, 3, 3, 3, 3, 3, 3, 3, 3, 3, 3, 3, 3, 3, 3, 3, 3, 3),
(241, 30, 19, 3, 3, 3, 3, 3, 3, 3, 3, 3, 3, 3, 3, 3, 3, 3, 3, 3),
(243, 27, 16, 3, 2, 2, 2, 3, 2, 3, 2, 2, 2, 2, 2, 2, 3, 3, 3, 2),
(165, 14, 8, 3, 2, 3, 2, 3, 3, 3, 3, 3, 3, 3, 3, 3, 3, 3, 3, 3),
(234, 33, 22, 3, 2, 2, 2, 2, 3, 3, 3, 3, 3, 2, 2, 2, 2, 2, 3, 3),
(249, 32, 21, 2, 2, 2, 2, 2, 2, 2, 2, 2, 2, 2, 2, 2, 2, 2, 2, 2),
(241, 31, 20, 3, 3, 3, 3, 3, 3, 3, 3, 3, 3, 3, 3, 3, 3, 3, 3, 3),
(180, 18, 14, 3, 2, 3, 3, 3, 3, 2, 2, 1, 1, 3, 2, 2, 2, 2, 2, 2),
(243, 28, 17, 3, 3, 3, 3, 3, 3, 3, 3, 3, 3, 3, 3, 3, 3, 3, 3, 3),
(270, 27, 16, 3, 3, 3, 3, 3, 2, 2, 3, 2, 2, 2, 3, 3, 3, 3, 3, 3),
(154, 15, 9, 2, 3, 2, 3, 3, 3, 3, 3, 3, 3, 2, 2, 2, 3, 2, 3, 2),
(241, 32, 21, 3, 3, 3, 3, 3, 3, 3, 3, 3, 3, 3, 3, 3, 3, 3, 3, 3),
(165, 15, 9, 2, 3, 2, 3, 1, 2, 3, 2, 3, 2, 3, 2, 1, 2, 1, 3, 2),
(182, 14, 8, 3, 3, 3, 3, 3, 3, 2, 3, 3, 1, 3, 3, 3, 3, 3, 3, 3),
(154, 16, 12, 2, 3, 2, 3, 3, 3, 3, 3, 3, 3, 2, 2, 2, 3, 2, 3, 2),
(168, 17, 13, 3, 3, 3, 3, 3, 3, 3, 3, 1, 1, 3, 3, 3, 3, 2, 3, 2),
(243, 29, 18, 3, 3, 3, 3, 3, 3, 3, 3, 3, 3, 3, 3, 3, 3, 3, 3, 3),
(241, 33, 22, 3, 3, 3, 3, 3, 3, 3, 3, 3, 3, 3, 3, 3, 3, 3, 3, 3),
(180, 19, 15, 3, 3, 3, 3, 3, 3, 3, 3, 2, 2, 3, 3, 3, 3, 3, 3, 3),
(186, 19, 15, 3, 3, 3, 3, 3, 3, 3, 3, 2, 2, 3, 3, 3, 3, 3, 3, 3),
(270, 28, 17, 3, 2, 2, 2, 2, 2, 3, 2, 2, 3, 3, 3, 2, 3, 3, 3, 3),
(249, 33, 22, 3, 3, 3, 3, 3, 2, 2, 3, 2, 3, 2, 2, 2, 2, 2, 2, 2),
(165, 16, 12, 2, 1, 3, 1, 3, 2, 3, 1, 2, 3, 1, 3, 3, 2, 3, 2, 3),
(243, 31, 20, 3, 3, 3, 3, 3, 3, 3, 3, 3, 3, 3, 3, 3, 3, 3, 3, 3),
(182, 15, 9, 3, 3, 3, 3, 3, 3, 3, 3, 1, 2, 3, 3, 3, 3, 3, 3, 3),
(243, 32, 21, 3, 2, 2, 2, 3, 2, 2, 2, 3, 2, 2, 3, 2, 2, 2, 3, 2),
(270, 29, 18, 3, 3, 3, 2, 3, 3, 3, 3, 3, 3, 3, 3, 3, 2, 3, 3, 2),
(240, 27, 16, 2, 3, 3, 2, 2, 3, 2, 2, 3, 2, 3, 3, 3, 2, 3, 2, 2),
(227, 27, 16, 3, 2, 2, 2, 3, 3, 3, 3, 3, 2, 3, 3, 2, 2, 2, 3, 3),
(243, 33, 22, 2, 2, 3, 2, 2, 2, 3, 2, 2, 3, 2, 2, 3, 3, 3, 2, 2),
(165, 17, 13, 3, 2, 3, 2, 2, 2, 3, 2, 3, 2, 3, 2, 3, 2, 3, 2, 3),
(270, 30, 19, 3, 2, 3, 2, 3, 2, 3, 2, 3, 2, 3, 3, 2, 2, 3, 3, 2),
(227, 28, 17, 3, 3, 3, 2, 2, 3, 2, 3, 2, 2, 2, 3, 2, 2, 3, 2, 3),
(154, 17, 13, 3, 3, 3, 2, 3, 3, 3, 3, 2, 2, 3, 3, 3, 3, 3, 3, 3),
(165, 18, 14, 2, 2, 2, 2, 2, 2, 2, 2, 2, 2, 2, 2, 2, 2, 2, 2, 2),
(256, 27, 16, 2, 3, 3, 2, 2, 3, 1, 2, 1, 2, 3, 3, 3, 3, 2, 2, 2),
(182, 16, 12, 2, 2, 2, 2, 2, 1, 1, 1, 2, 1, 1, 1, 1, 1, 1, 1, 1),
(187, 14, 8, 3, 3, 3, 3, 3, 3, 2, 2, 2, 2, 2, 2, 2, 2, 3, 3, 2),
(270, 31, 20, 3, 3, 3, 3, 2, 2, 2, 3, 3, 3, 2, 2, 3, 3, 3, 2, 2),
(227, 29, 18, 3, 3, 3, 2, 3, 3, 3, 3, 3, 2, 3, 3, 3, 3, 3, 3, 3),
(229, 27, 16, 3, 2, 2, 3, 2, 2, 3, 2, 2, 2, 3, 2, 3, 3, 2, 3, 3),
(165, 19, 15, 3, 3, 3, 3, 3, 3, 3, 3, 3, 3, 1, 2, 2, 2, 2, 2, 2),
(256, 28, 17, 3, 3, 3, 3, 3, 3, 3, 3, 1, 2, 3, 3, 3, 3, 3, 3, 3),
(230, 29, 18, 3, 3, 2, 3, 2, 3, 3, 3, 2, 2, 3, 3, 3, 3, 3, 3, 3),
(227, 30, 19, 3, 2, 3, 3, 2, 3, 2, 3, 2, 3, 2, 3, 2, 2, 3, 3, 3),
(240, 28, 17, 3, 3, 2, 3, 3, 3, 3, 1, 3, 2, 3, 2, 3, 2, 3, 2, 3),
(182, 17, 13, 3, 3, 3, 3, 3, 3, 3, 3, 2, 3, 3, 3, 3, 3, 3, 3, 3),
(270, 32, 21, 3, 2, 2, 2, 3, 2, 2, 2, 3, 3, 3, 2, 2, 3, 2, 3, 2),
(229, 28, 17, 3, 2, 3, 2, 3, 3, 3, 2, 2, 3, 2, 2, 3, 3, 2, 3, 3),
(168, 18, 14, 3, 3, 3, 3, 2, 2, 3, 3, 1, 1, 2, 2, 2, 2, 2, 3, 3),
(256, 29, 18, 3, 3, 3, 3, 3, 3, 3, 3, 3, 3, 3, 3, 3, 3, 3, 3, 3),
(260, 27, 16, 3, 2, 3, 2, 3, 2, 3, 2, 2, 3, 2, 3, 2, 3, 3, 2, 3),
(227, 31, 20, 3, 2, 3, 2, 3, 2, 2, 3, 2, 3, 3, 3, 3, 3, 3, 2, 3),
(229, 30, 19, 3, 3, 3, 3, 3, 3, 3, 3, 3, 3, 3, 3, 3, 3, 3, 3, 3),
(270, 33, 22, 3, 3, 2, 2, 2, 2, 3, 3, 3, 3, 3, 2, 2, 2, 3, 3, 3),
(182, 18, 14, 3, 3, 2, 2, 2, 3, 2, 2, 2, 1, 2, 3, 3, 3, 3, 3, 3),
(260, 28, 17, 3, 2, 3, 2, 3, 3, 3, 2, 3, 2, 3, 3, 2, 3, 3, 3, 3),
(223, 27, 16, 3, 3, 3, 3, 3, 2, 3, 3, 2, 3, 2, 3, 3, 2, 3, 3, 2),
(227, 32, 21, 2, 3, 2, 3, 3, 3, 3, 2, 3, 2, 2, 2, 3, 3, 3, 2, 2),
(256, 30, 19, 3, 3, 3, 3, 3, 3, 3, 3, 3, 3, 3, 3, 3, 3, 3, 3, 3),
(186, 14, 8, 2, 2, 3, 2, 2, 2, 2, 3, 3, 2, 2, 2, 2, 2, 2, 2, 2),
(229, 31, 20, 3, 3, 3, 3, 3, 3, 3, 3, 3, 3, 3, 3, 3, 3, 3, 3, 3),
(187, 15, 9, 3, 3, 2, 2, 2, 2, 3, 3, 2, 2, 2, 2, 2, 2, 3, 3, 3),
(154, 18, 14, 3, 3, 3, 3, 2, 2, 2, 2, 2, 2, 3, 2, 3, 3, 3, 3, 2),
(260, 29, 18, 3, 3, 3, 3, 3, 3, 3, 3, 3, 3, 3, 3, 3, 3, 3, 3, 3),
(182, 19, 15, 3, 3, 3, 3, 3, 3, 3, 3, 2, 1, 3, 3, 3, 3, 3, 3, 3),
(227, 33, 22, 2, 2, 2, 3, 2, 3, 2, 2, 2, 3, 2, 2, 2, 2, 2, 3, 3),
(223, 28, 17, 3, 3, 3, 3, 3, 3, 2, 2, 3, 2, 3, 3, 3, 3, 2, 3, 3),
(256, 31, 20, 3, 3, 3, 3, 3, 3, 3, 3, 3, 3, 3, 3, 3, 3, 3, 3, 3),
(229, 32, 21, 3, 2, 3, 3, 3, 2, 2, 3, 3, 3, 3, 2, 3, 3, 2, 3, 3),
(187, 16, 12, 2, 2, 2, 2, 2, 2, 2, 2, 2, 2, 2, 2, 2, 2, 2, 2, 2),
(260, 30, 19, 2, 3, 2, 3, 3, 2, 2, 3, 2, 3, 3, 2, 3, 3, 2, 3, 2),
(196, 14, 8, 3, 2, 2, 2, 1, 2, 1, 2, 3, 2, 3, 2, 3, 3, 3, 2, 2),
(223, 29, 18, 3, 2, 3, 2, 3, 3, 3, 3, 3, 3, 2, 3, 2, 3, 3, 3, 3),
(154, 19, 15, 3, 3, 3, 3, 3, 3, 3, 3, 2, 2, 3, 3, 3, 3, 3, 3, 2),
(168, 19, 15, 3, 3, 3, 3, 3, 3, 2, 3, 1, 1, 3, 3, 3, 2, 3, 3, 3),
(229, 33, 22, 3, 3, 2, 3, 3, 3, 3, 2, 3, 3, 3, 3, 3, 2, 3, 3, 3),
(196, 15, 9, 3, 2, 3, 2, 3, 2, 3, 3, 2, 2, 3, 2, 3, 2, 3, 3, 3),
(186, 15, 9, 3, 3, 3, 3, 3, 3, 3, 3, 2, 2, 2, 3, 3, 3, 3, 3, 3),
(260, 31, 20, 3, 3, 3, 2, 2, 3, 3, 3, 3, 2, 3, 3, 3, 3, 3, 3, 3),
(223, 30, 19, 3, 3, 3, 3, 3, 3, 3, 3, 3, 3, 3, 3, 3, 3, 3, 3, 3),
(240, 29, 18, 3, 2, 3, 2, 3, 2, 2, 1, 2, 2, 3, 3, 2, 3, 2, 3, 2),
(225, 27, 16, 3, 3, 3, 3, 3, 3, 3, 3, 3, 3, 3, 3, 3, 3, 3, 3, 3),
(196, 16, 12, 2, 2, 1, 2, 2, 1, 2, 2, 3, 1, 2, 2, 3, 2, 1, 2, 3),
(260, 32, 21, 2, 2, 2, 3, 3, 3, 2, 2, 3, 2, 2, 3, 3, 2, 3, 2, 3),
(225, 29, 18, 3, 3, 3, 3, 3, 3, 3, 3, 3, 3, 3, 3, 3, 3, 3, 3, 3),
(187, 17, 13, 3, 3, 2, 3, 2, 3, 3, 2, 3, 2, 2, 2, 2, 3, 3, 2, 2),
(223, 31, 20, 3, 3, 3, 3, 3, 3, 3, 3, 3, 3, 3, 3, 3, 3, 3, 3, 3),
(196, 17, 13, 3, 3, 3, 3, 3, 3, 3, 3, 3, 3, 3, 3, 3, 3, 3, 3, 3),
(240, 30, 19, 3, 3, 3, 3, 3, 2, 3, 2, 3, 3, 3, 3, 3, 2, 3, 3, 3),
(222, 27, 16, 3, 3, 3, 2, 2, 3, 2, 2, 2, 2, 3, 3, 3, 3, 3, 3, 3),
(186, 16, 12, 2, 1, 1, 1, 1, 2, 2, 2, 2, 1, 2, 1, 1, 1, 1, 2, 2),
(225, 30, 19, 3, 3, 3, 3, 3, 3, 3, 3, 3, 3, 3, 3, 3, 3, 3, 3, 3),
(260, 33, 22, 3, 2, 3, 3, 3, 3, 3, 3, 3, 2, 3, 3, 3, 3, 3, 3, 3),
(187, 18, 14, 3, 2, 2, 2, 2, 2, 2, 2, 2, 2, 2, 2, 2, 2, 2, 2, 2),
(223, 32, 21, 3, 2, 3, 2, 3, 3, 3, 3, 3, 3, 2, 3, 2, 3, 3, 3, 3),
(256, 33, 22, 2, 2, 2, 3, 2, 2, 3, 2, 2, 3, 3, 2, 2, 3, 3, 3, 3),
(196, 18, 14, 3, 3, 3, 3, 3, 3, 3, 2, 3, 3, 2, 3, 3, 3, 2, 3, 3),
(225, 31, 20, 3, 3, 3, 3, 3, 3, 3, 3, 3, 3, 3, 3, 3, 3, 3, 3, 3),
(240, 31, 20, 3, 3, 3, 3, 3, 3, 3, 3, 3, 3, 3, 3, 3, 3, 3, 3, 3),
(184, 14, 8, 3, 3, 3, 3, 3, 3, 3, 3, 3, 3, 3, 3, 3, 3, 3, 3, 3),
(222, 28, 17, 3, 3, 2, 2, 2, 2, 3, 3, 3, 3, 3, 3, 3, 3, 3, 3, 3),
(223, 33, 22, 3, 3, 3, 3, 3, 3, 3, 3, 3, 3, 3, 2, 3, 2, 3, 3, 3),
(271, 27, 16, 3, 3, 3, 3, 3, 2, 3, 3, 3, 2, 3, 3, 3, 3, 3, 3, 3),
(186, 17, 13, 2, 2, 2, 2, 2, 2, 2, 3, 1, 3, 3, 3, 3, 2, 3, 3, 3),
(225, 32, 21, 3, 3, 3, 3, 3, 3, 3, 3, 3, 3, 3, 3, 3, 3, 3, 3, 3),
(240, 32, 21, 3, 3, 3, 3, 3, 3, 3, 3, 3, 3, 2, 3, 3, 3, 3, 3, 3),
(196, 19, 15, 3, 3, 3, 3, 3, 3, 3, 3, 3, 3, 3, 3, 3, 3, 3, 3, 3),
(184, 15, 9, 3, 3, 2, 3, 2, 3, 2, 3, 2, 3, 2, 3, 2, 3, 2, 3, 2),
(222, 29, 18, 3, 3, 3, 3, 3, 3, 3, 3, 3, 3, 3, 3, 3, 3, 3, 3, 3),
(240, 33, 22, 3, 3, 3, 2, 3, 2, 3, 3, 2, 3, 3, 2, 3, 2, 3, 2, 3),
(184, 16, 12, 2, 2, 2, 2, 2, 2, 1, 1, 1, 1, 1, 1, 1, 1, 1, 1, 1),
(187, 19, 15, 3, 3, 2, 3, 3, 3, 3, 3, 2, 2, 3, 3, 3, 3, 3, 3, 3),
(231, 27, 16, 2, 3, 3, 2, 2, 3, 2, 3, 3, 2, 2, 2, 3, 2, 2, 3, 3),
(184, 17, 13, 3, 3, 3, 3, 3, 3, 3, 3, 3, 3, 3, 3, 3, 3, 3, 3, 3),
(186, 18, 14, 2, 1, 2, 2, 3, 2, 2, 3, 2, 1, 3, 3, 3, 2, 2, 3, 3),
(233, 27, 16, 3, 2, 2, 3, 2, 3, 2, 3, 2, 2, 3, 2, 3, 3, 3, 2, 3),
(184, 18, 14, 2, 2, 2, 2, 2, 2, 2, 2, 2, 2, 2, 2, 2, 2, 2, 2, 2),
(271, 29, 18, 3, 3, 3, 3, 3, 3, 3, 3, 3, 3, 3, 3, 3, 3, 3, 3, 3),
(225, 33, 22, 3, 3, 2, 3, 2, 3, 2, 1, 2, 2, 3, 2, 3, 3, 3, 3, 3),
(222, 30, 19, 3, 3, 3, 3, 3, 3, 3, 3, 3, 3, 3, 3, 3, 3, 3, 3, 3),
(247, 27, 16, 1, 1, 1, 1, 1, 1, 1, 1, 1, 1, 1, 1, 3, 3, 3, 1, 1),
(233, 28, 17, 3, 2, 3, 2, 3, 2, 3, 2, 3, 2, 3, 2, 3, 2, 3, 2, 3),
(247, 28, 17, 3, 3, 3, 2, 2, 2, 2, 2, 2, 2, 2, 2, 2, 2, 3, 3, 3),
(222, 31, 20, 3, 3, 3, 3, 3, 3, 3, 3, 3, 3, 3, 3, 3, 3, 3, 3, 3),
(184, 19, 15, 3, 3, 3, 3, 2, 3, 3, 3, 3, 3, 3, 3, 3, 2, 3, 3, 2),
(233, 29, 18, 3, 2, 2, 2, 3, 3, 2, 3, 3, 2, 2, 3, 3, 3, 2, 3, 3),
(231, 28, 17, 2, 3, 3, 2, 3, 3, 2, 3, 2, 3, 2, 3, 2, 3, 2, 3, 2),
(222, 32, 21, 3, 3, 3, 3, 3, 3, 3, 3, 3, 3, 2, 3, 3, 3, 3, 3, 3),
(231, 29, 18, 3, 2, 3, 2, 3, 2, 3, 2, 3, 2, 3, 2, 3, 2, 3, 2, 3),
(222, 33, 22, 3, 3, 3, 2, 3, 3, 3, 1, 3, 3, 3, 3, 3, 3, 3, 3, 3),
(176, 14, 8, 3, 3, 2, 3, 2, 2, 3, 3, 3, 1, 2, 3, 2, 2, 3, 2, 3),
(231, 30, 19, 3, 2, 3, 2, 3, 2, 3, 2, 3, 2, 3, 2, 3, 2, 3, 2, 3),
(194, 14, 8, 3, 3, 3, 3, 2, 3, 3, 3, 3, 2, 3, 3, 3, 3, 3, 3, 3),
(231, 31, 20, 3, 3, 3, 3, 3, 3, 3, 3, 3, 3, 3, 3, 3, 3, 3, 3, 3),
(176, 15, 9, 3, 3, 2, 3, 3, 3, 3, 3, 3, 3, 3, 3, 3, 3, 3, 3, 3),
(231, 32, 21, 2, 2, 2, 2, 2, 2, 2, 2, 2, 3, 2, 3, 2, 3, 2, 3, 3),
(194, 15, 9, 3, 3, 3, 2, 3, 2, 3, 3, 3, 3, 3, 3, 3, 2, 3, 3, 3),
(231, 33, 22, 2, 3, 2, 3, 2, 3, 2, 3, 2, 3, 2, 3, 2, 3, 2, 3, 2),
(239, 27, 16, 3, 3, 3, 2, 3, 2, 3, 3, 3, 3, 3, 3, 3, 3, 3, 3, 3),
(194, 16, 12, 2, 2, 2, 2, 3, 2, 2, 3, 2, 2, 2, 2, 2, 2, 2, 2, 2),
(194, 17, 13, 3, 3, 3, 3, 3, 2, 3, 3, 3, 3, 3, 3, 3, 3, 3, 3, 3),
(203, 27, 16, 2, 2, 3, 3, 2, 2, 2, 3, 2, 2, 2, 2, 2, 2, 2, 2, 2),
(239, 28, 17, 3, 3, 3, 3, 3, 3, 3, 3, 3, 3, 3, 3, 3, 3, 3, 3, 3),
(194, 18, 14, 3, 2, 3, 3, 3, 3, 3, 3, 3, 2, 3, 3, 3, 2, 3, 3, 3),
(239, 29, 18, 3, 3, 3, 3, 3, 3, 3, 3, 3, 3, 3, 3, 3, 3, 3, 3, 3),
(194, 19, 15, 3, 3, 3, 3, 3, 3, 3, 3, 2, 2, 3, 3, 3, 3, 3, 3, 3),
(239, 30, 19, 3, 3, 3, 3, 3, 3, 3, 3, 3, 3, 3, 3, 3, 3, 3, 3, 3),
(203, 29, 18, 3, 3, 3, 3, 3, 3, 3, 3, 3, 3, 3, 3, 3, 3, 3, 3, 3),
(239, 31, 20, 3, 3, 3, 3, 3, 3, 3, 3, 3, 3, 3, 3, 3, 3, 3, 3, 3),
(203, 30, 19, 1, 1, 1, 3, 3, 3, 3, 3, 3, 3, 3, 3, 3, 3, 3, 3, 3),
(161, 14, 8, 3, 3, 3, 2, 3, 3, 3, 3, 3, 3, 3, 3, 3, 3, 3, 3, 3),
(216, 27, 16, 2, 2, 3, 3, 3, 3, 3, 2, 2, 3, 3, 3, 3, 2, 3, 3, 2),
(239, 32, 21, 3, 3, 3, 3, 3, 3, 3, 3, 3, 3, 3, 3, 3, 3, 3, 3, 3),
(203, 31, 20, 3, 3, 3, 3, 3, 3, 3, 3, 3, 3, 3, 3, 3, 3, 3, 3, 3),
(239, 33, 22, 3, 3, 3, 3, 3, 3, 3, 3, 3, 3, 3, 3, 3, 3, 3, 3, 3),
(161, 15, 9, 3, 3, 3, 3, 3, 3, 2, 2, 2, 3, 3, 3, 3, 3, 3, 3, 3),
(203, 32, 21, 3, 3, 3, 3, 3, 1, 1, 1, 1, 1, 1, 1, 3, 3, 3, 3, 3),
(161, 16, 12, 2, 2, 2, 2, 1, 1, 2, 2, 2, 1, 2, 2, 2, 2, 2, 2, 2),
(203, 33, 22, 3, 3, 3, 3, 3, 3, 3, 1, 2, 3, 2, 3, 3, 3, 3, 3, 3),
(174, 14, 8, 3, 3, 3, 3, 3, 3, 3, 3, 3, 2, 3, 3, 3, 3, 3, 3, 3),
(161, 17, 13, 3, 3, 3, 3, 3, 3, 3, 2, 3, 3, 2, 2, 3, 3, 3, 3, 3),
(161, 18, 14, 3, 2, 2, 2, 2, 2, 2, 3, 3, 1, 2, 3, 2, 3, 3, 3, 3),
(174, 15, 9, 3, 3, 3, 3, 3, 3, 3, 3, 3, 2, 3, 3, 3, 3, 3, 3, 3),
(161, 19, 15, 3, 3, 3, 3, 3, 3, 3, 3, 3, 3, 2, 2, 3, 3, 3, 3, 3),
(221, 29, 18, 3, 3, 3, 3, 3, 3, 3, 3, 3, 3, 3, 3, 2, 3, 3, 3, 3),
(174, 16, 12, 2, 2, 2, 2, 2, 2, 2, 2, 2, 2, 2, 2, 2, 2, 2, 2, 2),
(174, 17, 13, 3, 3, 3, 3, 3, 2, 3, 3, 3, 2, 3, 3, 3, 3, 3, 3, 3),
(221, 30, 19, 3, 3, 3, 3, 3, 3, 3, 3, 2, 3, 3, 2, 3, 3, 2, 3, 3),
(174, 18, 14, 3, 3, 3, 3, 3, 3, 3, 3, 3, 2, 3, 3, 3, 3, 3, 3, 3),
(221, 31, 20, 3, 3, 3, 3, 3, 3, 3, 3, 3, 3, 3, 3, 3, 3, 3, 3, 3),
(174, 19, 15, 3, 3, 3, 3, 3, 3, 3, 3, 3, 2, 3, 3, 3, 3, 3, 3, 3);

-- --------------------------------------------------------

--
-- Table structure for table `form1_que`
--

CREATE TABLE `form1_que` (
  `queID` int(11) NOT NULL,
  `question` varchar(100) NOT NULL,
  `choice1` varchar(50) NOT NULL,
  `choice2` varchar(50) NOT NULL,
  `choice3` varchar(50) NOT NULL
) ENGINE=MyISAM DEFAULT CHARSET=latin1;

--
-- Dumping data for table `form1_que`
--

INSERT INTO `form1_que` (`queID`, `question`, `choice1`, `choice2`, `choice3`) VALUES
(1, 'To what extent the lectures/practical\'s are engages as per time table?', 'Great extent', 'Some extent', 'Less extent'),
(2, 'The portion/contents covered in the class', 'Fully satisfied', 'Satisfied', 'Not satisfied'),
(3, 'Teaching media used in the classroom other than chalk board ', 'PPT', 'Model', 'Charts'),
(4, 'Extent to which you understood the topics/practical\'s taught in the classroom/laboratory', 'Great extent', 'Some extent', 'Less extent'),
(5, 'Availability of Resources/equipments to perform practical\'s in the laboratory?', 'Very Good', 'Good', 'Poor'),
(6, 'To what extent term work regularly assessed', 'Great extent', 'Some extent', 'Less extent'),
(7, 'Extent to which industrial/field visits were arranged', 'Great extent', 'Some extent', 'Less extent'),
(8, 'Mention your views about following facilitis/sections\r\nLibrary', 'Very Good', 'Good', 'Poor'),
(9, 'Internal Facility', 'Very Good', 'Good', 'Poor'),
(10, 'Laboratory', 'Very Good', 'Good', 'Poor'),
(11, 'Examination System', 'Very Good', 'Good', 'Poor'),
(12, 'Student Section', 'Very Good', 'Good', 'Poor'),
(13, 'Sports activities', 'Very Good', 'Good', 'Poor'),
(14, 'Hostel', 'Very Good', 'Good', 'Poor'),
(15, 'Canteen', 'Very Good', 'Good', 'Poor'),
(16, 'Co-operative store', 'Very Good', 'Good', 'Poor'),
(17, 'Housekeeping', 'Very Good', 'Good', 'Poor');

-- --------------------------------------------------------

--
-- Table structure for table `form2_que`
--

CREATE TABLE `form2_que` (
  `queID` int(11) NOT NULL,
  `question` varchar(100) NOT NULL,
  `choice1` varchar(50) NOT NULL,
  `choice2` varchar(50) NOT NULL,
  `choice3` varchar(50) NOT NULL
) ENGINE=MyISAM DEFAULT CHARSET=latin1;

--
-- Dumping data for table `form2_que`
--

INSERT INTO `form2_que` (`queID`, `question`, `choice1`, `choice2`, `choice3`) VALUES
(1, 'College Campus, Security', '3', '2', '1'),
(2, 'Class Rooms and Laboratories', '3', '2', '1'),
(3, 'Laboratory Equipments , Conduct of Practical, Project,etc', '3', '2', '1'),
(4, 'Library, Reading Rooms, Home Issue, Book Bank, Periodicals, Journals etc', '3', '2', '1'),
(5, 'Teaching Faculty, Mentoring', '3', '2', '1'),
(6, 'Opportunity for Co-curricular activities', '3', '2', '1'),
(7, 'Computing Facilities, Internet', '3', '2', '1'),
(8, 'Seminar, Conference Halls.', '3', '2', '1'),
(9, 'Training and Placement Assistance', '3', '2', '1'),
(10, 'Industrial Visits & Guest/Expert Lectures', '3', '2', '1'),
(11, 'Scope for Value Addition Programmes', '3', '2', '1'),
(12, 'Students services and support for from Office; Administrative Staff<br> for Admission, Fees payment ', '3', '2', '1'),
(13, '(Co operative) Campus Stores, Duplicating (Xerox) facility', '3', '2', '1'),
(14, 'First Aid Facility in workshop and Lab', '3', '2', '1');

-- --------------------------------------------------------

--
-- Table structure for table `form3_que`
--

CREATE TABLE `form3_que` (
  `queID` int(11) NOT NULL,
  `question` varchar(100) NOT NULL,
  `choice1` varchar(50) NOT NULL,
  `choice2` varchar(50) NOT NULL,
  `choice3` varchar(50) NOT NULL,
  `choice4` varchar(50) NOT NULL,
  `choice5` varchar(50) NOT NULL
) ENGINE=MyISAM DEFAULT CHARSET=latin1;

--
-- Dumping data for table `form3_que`
--

INSERT INTO `form3_que` (`queID`, `question`, `choice1`, `choice2`, `choice3`, `choice4`, `choice5`) VALUES
(1, 'Domain knowledge acquisition of candidate of this diploma programme.', 'Excellent', 'Very Good', 'Good', 'Average', 'Below average'),
(2, 'Ability of the candidate in solving critical problem ', 'Excellent', 'Very Good', 'Good', 'Average', 'Below average'),
(5, 'Communication skills', 'Excellent', 'Very Good', 'Good', 'Average', 'Below average'),
(4, 'Computing skills', 'Excellent', 'Very Good', 'Good', 'Average', 'Below average'),
(3, 'Level of the technical skills of the programme possessed by the candidateLevel of the technical skil', 'Excellent', 'Very Good', 'Good', 'Average', 'Below average'),
(6, 'Regularity and punctuality of candidate at work place/institute', 'Excellent', 'Very Good', 'Good', 'Average', 'Below average'),
(7, 'Behaviour, professional and ethical skills of candidate', 'Excellent', 'Very Good', 'Good', 'Average', 'Below average'),
(8, 'Attitude towards acquiring lifelong learning skills', 'Excellent', 'Very Good', 'Good', 'Average', 'Below average'),
(9, 'At what level do you rate him/her towards acceptance of ever changing engineering & technology field', 'Excellent', 'Very Good', 'Good', 'Average', 'Below average'),
(10, 'Ability to work in a team,mutual support and co-ordination', 'Excellent', 'Very Good', 'Good', 'Average', 'Below average');

-- --------------------------------------------------------

--
-- Table structure for table `form4_que`
--

CREATE TABLE `form4_que` (
  `queID` int(11) NOT NULL,
  `question` varchar(200) NOT NULL,
  `choice1` varchar(50) NOT NULL,
  `choice2` varchar(50) NOT NULL,
  `choice3` varchar(50) NOT NULL
) ENGINE=MyISAM DEFAULT CHARSET=latin1;

--
-- Dumping data for table `form4_que`
--

INSERT INTO `form4_que` (`queID`, `question`, `choice1`, `choice2`, `choice3`) VALUES
(1, 'The course contents are sufficient according to the weight age and credits as per diploma program curriculum', '3', '2', '1'),
(2, 'The contents of the units of this course provide sufficient inputs to acquire knowledge and skills of related area of the program.', '3', '2', '1'),
(3, 'Have you learnt the basics of fundamental Knowledge of Engineering, Mathematics and Science in this courses', '3', '2', '1'),
(4, 'Have you developed a proper approach and attitude to provide optimum solution of enginnering based problem related to your program', '3', '2', '1'),
(5, 'Can you apply techniques, skills and modern engineering tools learnt in this course for solving engineering problems?', '3', '2', '1'),
(6, 'The course is well organized, relevant to the pragram out comes and program specific out comes. Also satisfy the mentioned course out comes.', '3', '2', '1'),
(7, 'Faculty has made the course interesting, is enthusiastic about teaching and learning.', '3', '2', '1'),
(8, 'Faculty is good in explaining theoretical, practical and application techniques of the course', '3', '2', '1'),
(9, 'Faculty used innovative teaching learning methods i.e. PPT, ICT & sotwares\'s, etc.', '3', '2', '1'),
(10, 'For getting industrial / practical exposure expert lect., visit, seminar, workshop are arranged by faculty', '3', '2', '1'),
(11, 'The method of examination and evaluation used in assessment have been clearly state at the time of starting of course.', '3', '2', '1'),
(12, 'Continuous assessment is done by faculty and feedback is given to students. ', '3', '2', '1'),
(13, 'Feedback on my academic work has helped me to improve my performance of the course', '3', '2', '1'),
(14, 'Assessment and evaluation of the course is proper and fair.', '3', '2', '1'),
(15, 'The course is intellectually stimulating and enable you for life long learning.', '3', '2', '1'),
(16, 'I have got sufficient guidance and support from the faculty for my studies', '3', '2', '1'),
(17, 'Overall I am satisfied with the quality and delivery of the course for diploma curriculum', '3', '2', '1');

-- --------------------------------------------------------

--
-- Table structure for table `stud_info`
--

CREATE TABLE `stud_info` (
  `id` int(11) NOT NULL,
  `username` int(11) NOT NULL,
  `password` varchar(50) NOT NULL,
  `name` varchar(50) NOT NULL,
  `year` int(4) NOT NULL,
  `dept` varchar(50) NOT NULL
) ENGINE=MyISAM DEFAULT CHARSET=latin1 COMMENT='Student information';

--
-- Dumping data for table `stud_info`
--

INSERT INTO `stud_info` (`id`, `username`, `password`, `name`, `year`, `dept`) VALUES
(29, 166123, '166123', 'Saiyamee Santosh Salve', 3, 'CM'),
(30, 166124, '166124', 'Kaveri Chandan Kumawat', 3, 'CM'),
(31, 166125, '166125', 'Siddhi Sachin Kapadnis', 3, 'EE'),
(32, 166126, '166129', 'Utkarsha Ramchandra Nehe', 3, 'CM'),
(33, 166127, '166127', 'Vaishnavi rajendra Shirsath', 3, 'CM'),
(34, 166128, '166128', 'Vedangi Shailesh Bhavsar', 3, 'CM'),
(35, 166129, '166126', 'Shreya Satish Kumbhkarn', 3, 'CM'),
(36, 166131, '166131', 'Ritu Baliram Pawar', 3, 'CM'),
(37, 166132, '166132', 'Sakshi Nitin Khairnar', 3, 'CM'),
(38, 166133, '166133', 'Preety Nandkumar Koli', 3, 'CM'),
(39, 166134, '166134', 'Pallavi Aasaram Mogare', 3, 'CM'),
(40, 166135, 'rashmi@22', 'Rashmi Anil Borase', 3, 'CM'),
(41, 166136, '166136', 'Anuja Sanjay Aher', 3, 'CM'),
(42, 166137, '166137', 'Nikita Pandharinath Avhad', 3, 'CM'),
(43, 166138, '166138', 'Shubhangi rajendra Jadhav', 3, 'CM'),
(44, 166139, '166139', 'Shraddha Prakash Hire', 3, 'CM'),
(45, 166140, '166140', 'Anushree Ramrao Bacchav', 3, 'CM'),
(46, 166141, '166141', 'Shrutika  Dilip Khatale', 3, 'CM'),
(47, 166143, '166143', 'Pratishta Dinkar Shelke', 3, 'CM'),
(48, 166144, 'abc', 'Gayatri Kedu Deshmane', 3, 'CM'),
(49, 166145, 'Kasam', 'Pragati Prashant Bagul', 3, 'CM'),
(50, 166146, 'gauri', 'Nirmal Sanjay Wagh', 3, 'CM'),
(51, 166147, '#rutujanikum', 'Rutuja Ranjit Nikum', 3, 'CM'),
(52, 166148, '166148', 'Jyoti Pattar', 3, 'CM'),
(53, 166150, '166150', 'Pranav Nandkishor Vikharankar', 3, 'CM'),
(54, 166151, '166151', 'Pratik Yuvraj Ahire', 3, 'CM'),
(55, 166152, '166152', 'Dhanashree Jaywant Rajput', 3, 'CM'),
(56, 166155, '166155', 'Swapnil deshmukh', 3, 'CM'),
(57, 166156, '166156', 'Sakshi Ram Sonawane', 3, 'CM'),
(58, 166157, 'abc', 'Nikita Somnath Aware', 3, 'CM'),
(59, 166160, 'jago  88', 'Jagruti Dilip jadhav', 3, 'CM'),
(60, 166161, '166161', 'Aishwarya Mohan Mahajan', 3, 'CM'),
(61, 166162, '9822967562', 'Viashnavi Nishant Wagh', 3, 'CM'),
(62, 166163, '2akshu9', 'Akshata sanjay Darange', 3, 'CM'),
(63, 176172, '176172', 'Raju Mhalu Bhangare', 3, 'CM'),
(64, 176174, '9075899089', 'Lalit Devidas jadhav', 3, 'CM'),
(65, 176176, '176176', 'Tejaswini Ramesh Nimbalkar', 3, 'CM'),
(66, 176177, '176177', 'Jayesh Dipak Pawar', 3, 'CM'),
(67, 176178, '176178', 'Hemant Subhash Rokade', 3, 'CM'),
(68, 176179, '176179', 'Altamash latiff Shaikh', 3, 'CM'),
(69, 176180, '176180', 'Samadhan Balu Sonawane', 3, 'CM'),
(70, 166102, '166102', 'Vaishnavi Gansing Shirsath', 3, 'CM'),
(71, 166103, 'k2ajal', 'Kajal Rajendra Bonde', 3, 'CM'),
(72, 166105, '166105', 'Priyanka sanjay patil', 3, 'CM'),
(73, 166106, '166106', 'Gayatri suresh Gadari', 3, 'CM'),
(74, 166107, '166107', 'Manasi jaywant Patil', 3, 'CM'),
(75, 166108, '166108', 'Bhagyashri Nimba Patil', 3, 'CM'),
(76, 166109, '166109', 'Harshada Suresh Bairagi', 3, 'CM'),
(77, 166111, '166111', 'Smital Kiran wadile', 3, 'CM'),
(78, 166112, '166112', 'Prathmesh sanjay Borse', 3, 'CM'),
(79, 166113, '1809', 'Shivam Suresh pendhbhaje', 3, 'CM'),
(80, 166114, '166114', 'Siddhali Bhagawat raut', 3, 'CM'),
(81, 166115, '166115', 'Rutuja Ramkrishna More', 3, 'CM'),
(82, 166116, '166116', 'Gaurav Sunil Borse', 3, 'CM'),
(83, 166117, '166117', 'Dipali laxman Patil', 3, 'CM'),
(84, 166118, '166118', 'Prasad Gorakhnath Ghumare', 3, 'CM'),
(85, 166119, '166119', 'Harshal Hilal Borse', 3, 'CM'),
(86, 166120, '166120', 'Manas Govind Sonawane', 3, 'CM'),
(87, 166121, '166121', 'Amisha Sanjay Vasaikar', 3, 'CM'),
(88, 166130, '166130', 'Shubham Prabhakar Chaudhari', 3, 'CM'),
(89, 175109, '175109', 'YEOLE BHAVESH SHARAD', 2, 'IF'),
(90, 175110, '175110', 'BHIRUD HIMANI VILAS', 2, 'IF'),
(91, 175111, '175111', 'CHAUDHARI RUTUJA KHANDU', 2, 'IF'),
(92, 175112, '175112', 'CHAVAN DIPLAI SANJAY', 2, 'IF'),
(93, 175113, '175113', 'DABHADE ROHIT SANJAY', 2, 'IF'),
(94, 175114, '175114', 'DALAL ANIKET DILIP', 2, 'IF'),
(95, 175115, '175115', 'DANEJ DHANASHRI HEMANTSA', 2, 'IF'),
(96, 175116, '175116', 'DARGODE ANUJA AJIT', 2, 'IF'),
(97, 175117, '175117', 'DESALE TEJAS VYANKAT', 2, 'IF'),
(98, 175118, '175118', 'DHAWALE SARVESH RAJENDRA', 2, 'IF'),
(99, 175119, '175119', 'DHONDGE HARSHAD NIMBA ', 2, 'IF'),
(100, 175120, '175120', 'FULDEORE SRUSHTI VINOD', 2, 'IF'),
(101, 175121, '175121', 'GADE GAYATRI SOPAN', 2, 'IF'),
(102, 175122, '175122', 'GAIKWAD NAYAN MACHHINDRA', 2, 'IF'),
(103, 175123, '175123', 'GHUGE PRIYANKA RAGHUNATH', 2, 'IF'),
(104, 175125, '175125', 'JADHAV PRIYANKA DNYANESHWAR', 2, 'IF'),
(105, 175127, '175127', 'KASTURE SNEHAL GORAKH', 2, 'IF'),
(106, 175128, '175128', 'KHAIRNAR VISHAKHA PRAKASH', 2, 'IF'),
(107, 175129, '175129', 'KHATALE GAYATRI DATTATRAY', 2, 'IF'),
(108, 175130, '175130', 'KOKATE RUTUJA JAYWANT', 2, 'IF'),
(109, 175133, '175133', 'MEDHE SWAPNIL SHIVAJI', 2, 'IF'),
(110, 175135, '175135', 'NATHE SURAJ BHARAT', 2, 'IF'),
(111, 175136, '175136', 'NIKAM PRASAD GANESH', 2, 'IF'),
(112, 175137, '175137', 'NIKUMBH SUSHMA HIRATSINGH', 2, 'IF'),
(113, 175138, '175138', 'PAGAR BHAGYASHRI BHARAT', 2, 'IF'),
(114, 175139, '175139', 'PARMAR MANGESH SUNIL', 2, 'IF'),
(115, 175140, '175140', 'PATIL DIPALI SANJAY', 2, 'IF'),
(116, 175141, '175141', 'PATIL VIPUL RAVIRAJ', 2, 'IF'),
(117, 175142, '175142', 'PATIL VRUSHALI MAHENDRASINGH', 2, 'IF'),
(118, 175143, '175143', 'PAWAR ABHIJIT JAYWANTRAO', 2, 'IF'),
(119, 175144, '175144', 'PAWAR ANKITA KAILAS', 2, 'IF'),
(120, 175145, '175145', 'PAWAR GAYATRI KIRAN', 2, 'IF'),
(121, 175146, '175146', 'RAGHUWANSHI AKHAY RAVINDRA', 2, 'IF'),
(122, 175147, '175147', 'SALVE SHRUTI PANDIT', 2, 'IF'),
(123, 175149, '175149', 'SHELKE PRATIKSHA SHAMKANT', 2, 'IF'),
(124, 175150, '175150', 'SHINDE RIDHI KISHOR', 2, 'IF'),
(125, 175151, '175151', 'SALUNKE DEVENDRA BANDU', 2, 'IF'),
(126, 175152, '175152', 'SONAWANE PALLAVI SUNIL', 2, 'IF'),
(127, 175153, '175153', 'TARLE YASH SUBHASH', 2, 'IF'),
(128, 175154, '175154', 'WAGH NIKHIL VINOD', 2, 'IF'),
(129, 175156, '175156', 'WARUNGASE MUKTABAI GANPAT', 2, 'IF'),
(130, 175157, '175157', 'YEVALE SNEHAL DILIP', 2, 'IF'),
(131, 175158, '175158', 'THAKARE SAGAR BHAURAO', 2, 'IF'),
(132, 175161, '175161', 'CHORMARE SUNIL BABAN', 2, 'IF'),
(133, 175162, '175162', 'ERANDE UTKARSHA SUBHASH', 2, 'IF'),
(134, 175163, '175163', 'NAGARE SANKET AVINASH', 2, 'IF'),
(135, 185171, '185171', 'DESHMUKH PUNAM BALASAHEB', 2, 'IF'),
(136, 185172, '185172', 'KEDAR AADESH GORAKSHA', 2, 'IF'),
(137, 185173, '185173', 'KHAIRNAR NISHANT GORAKH', 2, 'IF'),
(138, 185174, '185174', 'KHAN AMAN JAKIR', 2, 'IF'),
(139, 185175, '185175', 'KHUSHARE RUSHIKESH ASHOK', 2, 'IF'),
(140, 185176, '185176', 'MORE GAURAV RAJENDRA', 2, 'IF'),
(141, 185177, '185177', 'NIKAM NEHA PANDURANG', 2, 'IF'),
(142, 185178, '185178', 'THOKE RUTUJA KIRANSINGH', 2, 'IF'),
(143, 185179, '185179', 'THORAT AMOL ASHOK', 2, 'IF'),
(144, 185180, '185180', 'TORNE AKASH LOUIS ', 2, 'IF'),
(145, 185181, '185181', 'YENDE SHUBHAM BHARAT', 2, 'IF'),
(146, 185182, '185182', 'SANAP RAVI SANJAY', 2, 'IF'),
(147, 165111, '165111', 'BORSE PRATIKSHA RAVINDRA', 2, 'IF'),
(148, 165112, '165112', 'Pooja Khandu Rode', 3, 'IF'),
(149, 165120, '165120', 'Prajakta Keshav Bankar', 3, 'IF'),
(150, 165123, '165123', 'Ankita Sampat Lande', 3, 'IF'),
(151, 165151, '165151', 'Pooja Madhav Vadje', 3, 'IF'),
(152, 165102, '165102', 'Niraj Sharad Fegde', 3, 'IF'),
(153, 165110, '165110', 'Anuja Kailas Somawanshi', 3, 'IF'),
(154, 165116, '165116', 'Jagruti                        Pawar', 3, 'IF'),
(155, 165118, '165118', 'Nikita Dattatry Bhosale', 3, 'IF'),
(156, 165146, '165146', 'Shubham Pakal', 3, 'IF'),
(157, 165148, '165148', 'Pratik Pawar ', 3, 'IF'),
(158, 165163, '165163', 'Shravani Sharad Chavanke', 3, 'IF'),
(159, 165161, '165161', 'Dhanashree Mahendra Bhandari', 3, 'IF'),
(160, 165101, '165101', 'Jivan Gangadhar Ahire', 3, 'IF'),
(161, 165108, '165108', 'Khilesh  Bhangale', 3, 'IF'),
(162, 165134, '165134', 'Anuja Shamrao Bhoite', 3, 'IF'),
(163, 165135, '165135', 'Kalyani Kailas Aher', 3, 'IF'),
(164, 165137, '165137', 'Sakshi Kishor Apsunde', 3, 'IF'),
(165, 165149, '165149', 'Aditi Digambar Bharti', 3, 'IF'),
(166, 165172, '165172', 'Varsha  Jitendra Bandarkar', 3, 'IF'),
(167, 165103, '165103', 'Durgadas Kashinath Morane', 3, 'IF'),
(168, 165122, '165122', 'Neha Nanasaheb Pawar', 3, 'IF'),
(169, 165125, '165125', 'Rushikesh Nitin Baviskar', 3, 'IF'),
(170, 165126, '165126', 'Gaurav Nandalal Patil', 3, 'IF'),
(171, 165130, '165130', 'Dhanashree Bhausaheb Pawar', 3, 'IF'),
(172, 165106, '165106', 'Daksha     Ajit Jadhav', 3, 'IF'),
(173, 165140, '165140', 'Shraddha  Mangesh Thorat', 3, 'IF'),
(174, 165143, '165143', 'Shreya Shrikant Handore', 3, 'IF'),
(175, 165171, '165171', ' Sneha  Rajesh Ambhore', 3, 'IF'),
(176, 165132, '165132', 'Suchita Prabhakar Shewale', 3, 'IF'),
(177, 165133, '165133', 'Ashwini Jeevan Shewale', 3, 'IF'),
(178, 165141, '165141', 'Priyanka Bhausaheb Thoke', 3, 'IF'),
(179, 175174, '175174', 'Gayartri Vishwas Pawar', 3, 'IF'),
(180, 165128, '165128', 'Hitakshi Prashant Waykole', 3, 'IF'),
(181, 165152, '165152', 'Vaibhav Krisha Lokhande', 3, 'IF'),
(182, 165131, '165131', 'Sarthkee Jalindar Waghchure', 3, 'IF'),
(183, 165162, '165162', 'Priyanka Balasaheb Kalokhe', 3, 'IF'),
(184, 165155, '165155', 'Pratiksha Balu Gunjal', 3, 'IF'),
(185, 165104, '165104', 'Ankita Shamrao Borade', 3, 'IF'),
(186, 165105, '165105', 'Prerna Sandeep Ohol', 3, 'IF'),
(187, 165119, '165119', 'Neha Bhanudas Dev', 3, 'IF'),
(188, 165121, '165121', 'Vaishnavi Ravindra Adhav', 3, 'IF'),
(189, 165159, '165159', 'Ankit Prakashrao Fusey', 3, 'IF'),
(190, 175173, '175173', 'Indrajit  Keskar', 3, 'IF'),
(191, 175176, '175176', 'Yogesh Krushnai Virdhe', 3, 'IF'),
(192, 175177, '175177', 'Vishal Wakle', 3, 'IF'),
(193, 175178, '175178', 'Dinesh  Nikam', 3, 'IF'),
(194, 165144, '165144', 'Tejashwini Bhimrao Thakare', 3, 'IF'),
(195, 165107, '165107', 'Komal Hemraj Patil', 3, 'IF'),
(196, 165158, '165158', 'Akanksha Anaji Chavan', 3, 'IF'),
(197, 165109, '165109', 'Nikita Pradip Erande', 3, 'IF'),
(198, 175175, '175175', 'Prashik  Kailas Dhepe', 3, 'IF'),
(199, 156118, '156118', 'HATAGE HARSHITA DEEPAK', 2, 'CM'),
(200, 166142, '166142', 'SALUNKE DHANJAY AVINASH', 2, 'CM'),
(201, 176101, '176101', 'AHIRE SURAJ YASHWANT', 2, 'CM'),
(202, 176102, '176102', 'BAGUL NILAM SUBHASH', 2, 'CM'),
(203, 176103, '176103', 'BAHLERAO SAURABH VITHAL', 2, 'CM'),
(204, 176104, '176104', 'BHOKARE PRADNYA KISHOR', 2, 'CM'),
(205, 176105, '176105', 'BHOSALE RITIKA AVINASH', 2, 'CM'),
(206, 176108, '176108', 'CHANDAN PURNIMA SATISH', 2, 'CM'),
(207, 176109, '176109', 'CHAUDHARI DIKSHA VILAS', 2, 'CM'),
(208, 176110, '176110', 'CHAVAN PRAFULL MOTILAL', 2, 'CM'),
(209, 176111, '176111', 'DEORE PRAJKTA ASHOK', 2, 'CM'),
(210, 176112, '176112', 'DEORE VAISHNAVI RAMESH ', 2, 'CM'),
(211, 176113, '176113', 'GAVALI ANIKATE DINESH', 2, 'CM'),
(212, 176114, '176114', 'GAWALE SUDARSHAN SHARAD', 2, 'CM'),
(213, 176115, '176115', 'GHOLAP RINA SUNIL', 2, 'CM'),
(214, 176116, '176116', 'GORE AISHWARYA ATUL', 2, 'CM'),
(215, 176117, '176117', 'GOSAVI VAISHNAVI DIGAMBAR', 2, 'CM'),
(216, 176118, '176118', 'GUPTA KUNAL ARVIND', 2, 'CM'),
(217, 176119, '176119', 'HARGUDE POOJA SANJAY', 2, 'CM'),
(218, 176120, '176120', 'HENDRE SHUBHANGI RAJENDRA', 2, 'CM'),
(219, 176121, '176121', 'JADHAV DURGESH PRAKASH', 2, 'CM'),
(220, 176122, '176122', 'JADHAV KRISHNA SHAM', 2, 'CM'),
(221, 176123, '176123', 'KACHAVE NIKITA SHIVAJI', 2, 'CM'),
(222, 176124, '176124', 'KAKLIJ TANUJA BALIRAM', 2, 'CM'),
(223, 176125, '176125', 'KHATALE SAKSHI DASHRATH', 2, 'CM'),
(224, 176126, '176126', 'KOLIKARAN NANDKUMAR ', 2, 'CM'),
(225, 176127, '176127', 'KOTHAWADE NEHA RAVINDRA', 2, 'CM'),
(226, 176128, '176128', 'KOTHAWADE PRIYANKA DATTATREY', 2, 'CM'),
(227, 176129, '176129', 'KURHADE KSHITIJA SUNIL', 2, 'CM'),
(228, 176130, '176130', 'MAHAJAN RITU YUVARAJ', 2, 'CM'),
(229, 176132, '176132', 'MALWAL TEJAS RAVINDRA', 2, 'CM'),
(230, 176133, '176133', 'NAJAN ADITI RAM', 2, 'CM'),
(231, 176134, '176134', 'NANDRE DIKSHA KISHOR', 2, 'CM'),
(232, 176135, '176135', 'NARKHEDE ASHILESHA ATUL ', 2, 'CM'),
(233, 176136, '176136', 'NITNAVARE TEJAS MANOHAR', 2, 'CM'),
(234, 176137, '176137', 'PAGAR KIRAN RAMESH', 2, 'CM'),
(235, 176138, '176138', 'PAGAR SHRUTI ASHOK', 2, 'CM'),
(236, 176139, '176139', 'PATIL AKANKSHA KAILAS ', 2, 'CM'),
(237, 176140, '176140', 'PATIL NIDHI SUNIL', 2, 'CM'),
(238, 176141, '176141', 'PATIL NIKITA PARMESHWAR', 2, 'CM'),
(239, 176142, '176142', 'PATIL NIKITA SANJAY', 2, 'CM'),
(240, 176143, '176143', 'PAWAR NEHA HANSRAJ', 2, 'CM'),
(241, 176144, '176144', 'PAWAR RIDDHI ARUN', 2, 'CM'),
(242, 176145, '176145', 'PAWAR RUTUJA KIRANKUMAR', 2, 'CM'),
(243, 176146, '176146', 'PAWAR SIDDHI PRAMOD', 2, 'CM'),
(244, 176148, '176148', 'SASTE YASHASHREE RAMESH  ', 2, 'CM'),
(245, 176149, '176149', 'SHETE SHAURYA SUDHIR', 2, 'CM'),
(246, 176151, '176151', 'SHINDE VAISHNAVI AABA', 2, 'CM'),
(247, 176152, '176152', 'SHIRSATH SANTOSHI RAJENDRA', 2, 'CM'),
(248, 176153, '176153', 'SHIRTURE MRUNAL DEEPAK', 2, 'CM'),
(249, 176154, '176154', 'SINARE ANIKET ASHOK', 2, 'CM'),
(250, 176155, '176155', 'SONAR NEHA DINESH', 2, 'CM'),
(251, 176156, '176156', 'SONAWANE DHANASHRI HIRAMAN', 2, 'CM'),
(252, 176157, '176157', 'SURYAWANSHI NIRAJ SUNIL', 2, 'CM'),
(253, 176158, '176158', 'UMARE DHANSHREE CHANDAN', 2, 'CM'),
(254, 176159, '176159', 'WARE JUILI SANTOSH', 2, 'CM'),
(255, 176160, '176160', 'SURYAWANSHI KUNAL SUNIL', 2, 'CM'),
(256, 176161, '176161', 'DHAGE PRAJAKTA GULAB', 2, 'CM'),
(257, 176162, '176162', 'DHIKALE AARTI SANJAY', 2, 'CM'),
(258, 176163, '176163', 'SHEWALE SANDEEP SANJAY', 2, 'CM'),
(259, 186171, '186171', 'DEORE KARISHMA SANJAY', 2, 'CM'),
(260, 186172, '186172', 'JADHAV DIVESH VIJAY', 2, 'CM'),
(261, 186173, '186173', 'KATKADE  PRAFULLA SUNIL', 2, 'CM'),
(262, 186174, '186174', 'KHANGAL SHUBHAM MADHUKAR', 2, 'CM'),
(263, 186175, '186175', 'KHURPADE RUSHIKESH ASHOK', 2, 'CM'),
(264, 186176, '186176', 'KUTE GANESH TUKARAM', 2, 'CM'),
(265, 186177, '186177', 'PATIL PRATIK SANJIV', 2, 'CM'),
(266, 186178, '186178', 'PEHARE ABHISHEK KISAN', 2, 'CM'),
(267, 186179, '186179', 'SAWANT PRATHAMESH RAVINDRA', 2, 'CM'),
(268, 186180, '186180', 'SHINDE SNEHA MANOJ', 2, 'CM'),
(269, 186181, '186181', 'SHINDE URMILA VINODRAO', 2, 'CM'),
(270, 186182, '186182', 'DHUMAL MUNALE BALASAHEB', 2, 'CM'),
(271, 186183, '186183', 'BARWE SONALI BHIMRAO', 2, 'CM'),
(272, 175171, '175171', 'Sneha Rajesh Ambhure', 3, 'IF');

-- --------------------------------------------------------

--
-- Table structure for table `teacher`
--

CREATE TABLE `teacher` (
  `teacherid` int(11) NOT NULL,
  `name` varchar(100) NOT NULL,
  `courseid` int(11) NOT NULL
) ENGINE=MyISAM DEFAULT CHARSET=latin1;

--
-- Dumping data for table `teacher`
--

INSERT INTO `teacher` (`teacherid`, `name`, `courseid`) VALUES
(5, 'Prof. Sonali Pawar', 4),
(4, 'Prof. Pramod Ganjewar', 3),
(3, 'Prof. S.P.Dudhe', 2),
(2, 'Prof. Ranjana Badre', 12),
(1, 'Prof. Rajeshwari Goudar', 1),
(7, 'Prof. Sayali Goswami', 13),
(8, 'Prof. Jayshree Kulkarni', 14),
(9, 'Prof. Shilpa Bhojane', 15),
(12, 'Prof. Sharmila Kharat', 16),
(13, 'Prof. Snehal Sarag', 17),
(14, 'Prof. Shrikant Salve', 18),
(15, 'Prof. Kaveri Gursal', 19),
(16, 'Prof. Mohanish Shah', 27),
(17, 'Prof. Hussain Shaikh', 28),
(18, 'Prof. Rajeshwari Goudar', 29),
(19, 'Prof. Sandip Devkate', 30),
(20, 'Prof. Y.B. Sanap', 31),
(21, 'Prof. S.P. Dudhe', 32),
(22, 'Prof. Shilpa Bhojane', 33);

--
-- Indexes for dumped tables
--

--
-- Indexes for table `admin_info`
--
ALTER TABLE `admin_info`
  ADD PRIMARY KEY (`id`);

--
-- Indexes for table `course`
--
ALTER TABLE `course`
  ADD PRIMARY KEY (`courseid`);

--
-- Indexes for table `department`
--
ALTER TABLE `department`
  ADD PRIMARY KEY (`deptid`);

--
-- Indexes for table `feedback_form1`
--
ALTER TABLE `feedback_form1`
  ADD PRIMARY KEY (`id`);

--
-- Indexes for table `feedback_form2`
--
ALTER TABLE `feedback_form2`
  ADD PRIMARY KEY (`id`);

--
-- Indexes for table `feedback_form3`
--
ALTER TABLE `feedback_form3`
  ADD PRIMARY KEY (`id`);

--
-- Indexes for table `form1_que`
--
ALTER TABLE `form1_que`
  ADD PRIMARY KEY (`queID`);

--
-- Indexes for table `form2_que`
--
ALTER TABLE `form2_que`
  ADD PRIMARY KEY (`queID`);

--
-- Indexes for table `form3_que`
--
ALTER TABLE `form3_que`
  ADD PRIMARY KEY (`queID`);

--
-- Indexes for table `form4_que`
--
ALTER TABLE `form4_que`
  ADD PRIMARY KEY (`queID`);

--
-- Indexes for table `stud_info`
--
ALTER TABLE `stud_info`
  ADD PRIMARY KEY (`id`),
  ADD UNIQUE KEY `username` (`username`);

--
-- Indexes for table `teacher`
--
ALTER TABLE `teacher`
  ADD PRIMARY KEY (`teacherid`);

--
-- AUTO_INCREMENT for dumped tables
--

--
-- AUTO_INCREMENT for table `course`
--
ALTER TABLE `course`
  MODIFY `courseid` int(11) NOT NULL AUTO_INCREMENT, AUTO_INCREMENT=34;

--
-- AUTO_INCREMENT for table `department`
--
ALTER TABLE `department`
  MODIFY `deptid` int(11) NOT NULL AUTO_INCREMENT, AUTO_INCREMENT=14;

--
-- AUTO_INCREMENT for table `form1_que`
--
ALTER TABLE `form1_que`
  MODIFY `queID` int(11) NOT NULL AUTO_INCREMENT, AUTO_INCREMENT=40;

--
-- AUTO_INCREMENT for table `form2_que`
--
ALTER TABLE `form2_que`
  MODIFY `queID` int(11) NOT NULL AUTO_INCREMENT, AUTO_INCREMENT=18;

--
-- AUTO_INCREMENT for table `form3_que`
--
ALTER TABLE `form3_que`
  MODIFY `queID` int(11) NOT NULL AUTO_INCREMENT, AUTO_INCREMENT=12;

--
-- AUTO_INCREMENT for table `form4_que`
--
ALTER TABLE `form4_que`
  MODIFY `queID` int(11) NOT NULL AUTO_INCREMENT, AUTO_INCREMENT=33;

--
-- AUTO_INCREMENT for table `stud_info`
--
ALTER TABLE `stud_info`
  MODIFY `id` int(11) NOT NULL AUTO_INCREMENT, AUTO_INCREMENT=273;

--
-- AUTO_INCREMENT for table `teacher`
--
ALTER TABLE `teacher`
  MODIFY `teacherid` int(11) NOT NULL AUTO_INCREMENT, AUTO_INCREMENT=23;
COMMIT;

/*!40101 SET CHARACTER_SET_CLIENT=@OLD_CHARACTER_SET_CLIENT */;
/*!40101 SET CHARACTER_SET_RESULTS=@OLD_CHARACTER_SET_RESULTS */;
/*!40101 SET COLLATION_CONNECTION=@OLD_COLLATION_CONNECTION */;
